seed,query_id,query_type,target_query_size,query_nodes,solved_budget,pruned_node_fullcov,pruned_missed_node_count,signature_candidate_nodes,pruned_candidate_nodes,component_solver_components,component_solver_nodes,target_nodes,validation_route
20260607,degree_k_hop_q100_0,degree_k_hop,100,100,100,True,0,206139,143153,1,498,498,candidate_contains_planted_raw_witness
20260607,degree_k_hop_q100_1,degree_k_hop,100,100,50,True,0,36814,5089,1,118,118,candidate_contains_planted_raw_witness
20260607,degree_k_hop_q100_10,degree_k_hop,100,100,20,True,0,8931,3682,1,114,114,candidate_contains_planted_raw_witness
20260607,degree_k_hop_q100_11,degree_k_hop,100,100,1000,True,0,517923,161964,1,175,175,candidate_contains_planted_raw_witness
20260607,degree_k_hop_q100_12,degree_k_hop,100,100,1000,True,0,668743,439506,1,171,171,candidate_contains_planted_raw_witness
20260607,degree_k_hop_q100_13,degree_k_hop,100,100,500,True,0,349897,194323,1,221,221,candidate_contains_planted_raw_witness
20260607,degree_k_hop_q100_14,degree_k_hop,100,100,200,True,0,141595,84862,1,165,165,candidate_contains_planted_raw_witness
20260607,degree_k_hop_q100_15,degree_k_hop,100,100,20,True,0,30399,12480,1,231,231,candidate_contains_planted_raw_witness
20260607,degree_k_hop_q100_16,degree_k_hop,100,100,500,True,0,210515,6640,1,110,110,candidate_contains_planted_raw_witness
20260607,degree_k_hop_q100_17,degree_k_hop,100,100,50,True,0,41644,14646,1,142,142,candidate_contains_planted_raw_witness
20260607,degree_k_hop_q100_19,degree_k_hop,100,100,20,True,0,18665,1371,1,112,112,candidate_contains_planted_raw_witness
20260607,degree_k_hop_q100_2,degree_k_hop,100,100,500,True,0,653935,510766,1,1170,1170,candidate_contains_planted_raw_witness
20260607,degree_k_hop_q100_20,degree_k_hop,100,100,500,True,0,469216,376173,1,308,308,candidate_contains_planted_raw_witness
20260607,degree_k_hop_q100_21,degree_k_hop,100,100,50,True,0,52298,19491,1,524,524,candidate_contains_planted_raw_witness
20260607,degree_k_hop_q100_22,degree_k_hop,100,100,20,True,0,14181,2340,1,111,111,candidate_contains_planted_raw_witness
20260607,degree_k_hop_q100_23,degree_k_hop,100,100,1000,True,0,772693,663168,1,394,394,candidate_contains_planted_raw_witness
20260607,degree_k_hop_q100_24,degree_k_hop,100,100,100,True,0,232583,166265,1,569,569,candidate_contains_planted_raw_witness
20260607,degree_k_hop_q100_25,degree_k_hop,100,100,50,True,0,51001,31659,1,180,180,candidate_contains_planted_raw_witness
20260607,degree_k_hop_q100_26,degree_k_hop,100,100,200,True,0,119845,38563,1,132,132,candidate_contains_planted_raw_witness
20260607,degree_k_hop_q100_27,degree_k_hop,100,100,200,True,0,407468,317032,1,740,740,candidate_contains_planted_raw_witness
20260607,degree_k_hop_q100_28,degree_k_hop,100,100,50,True,0,27316,1070,1,116,116,candidate_contains_planted_raw_witness
20260607,degree_k_hop_q100_29,degree_k_hop,100,100,20,True,0,26405,19811,1,158,158,candidate_contains_planted_raw_witness
20260607,degree_k_hop_q100_30,degree_k_hop,100,100,500,True,0,393006,165305,1,126,126,candidate_contains_planted_raw_witness
20260607,degree_k_hop_q100_31,degree_k_hop,100,100,200,True,0,85879,6870,1,106,106,candidate_contains_planted_raw_witness
20260607,degree_k_hop_q100_32,degree_k_hop,100,100,100,True,0,169020,119972,1,1917,1917,candidate_contains_planted_raw_witness
20260607,degree_k_hop_q100_33,degree_k_hop,100,100,500,True,0,271344,116816,1,221,221,candidate_contains_planted_raw_witness
20260607,degree_k_hop_q100_34,degree_k_hop,100,100,500,True,0,186313,8028,1,110,110,candidate_contains_planted_raw_witness
20260607,degree_k_hop_q100_35,degree_k_hop,100,100,200,True,0,113953,46562,1,125,125,candidate_contains_planted_raw_witness
20260607,degree_k_hop_q100_36,degree_k_hop,100,100,50,True,0,16926,1588,1,107,107,candidate_contains_planted_raw_witness
20260607,degree_k_hop_q100_37,degree_k_hop,100,100,20,True,0,19646,2212,1,125,125,candidate_contains_planted_raw_witness
20260607,degree_k_hop_q100_38,degree_k_hop,100,100,50,True,0,36935,3765,1,124,124,candidate_contains_planted_raw_witness
20260607,degree_k_hop_q100_39,degree_k_hop,100,100,100,True,0,65648,32300,1,156,156,candidate_contains_planted_raw_witness
20260607,degree_k_hop_q100_4,degree_k_hop,100,100,50,True,0,30493,7143,1,126,126,candidate_contains_planted_raw_witness
20260607,degree_k_hop_q100_40,degree_k_hop,100,100,20,True,0,10537,431,1,102,102,candidate_contains_planted_raw_witness
20260607,degree_k_hop_q100_41,degree_k_hop,100,100,200,True,0,93952,63938,1,111,111,candidate_contains_planted_raw_witness
20260607,degree_k_hop_q100_42,degree_k_hop,100,100,200,True,0,462559,354345,1,1562,1562,candidate_contains_planted_raw_witness
20260607,degree_k_hop_q100_43,degree_k_hop,100,100,50,True,0,51908,14892,1,116,116,candidate_contains_planted_raw_witness
20260607,degree_k_hop_q100_45,degree_k_hop,100,100,100,True,0,193810,148465,1,1520,1520,candidate_contains_planted_raw_witness
20260607,degree_k_hop_q100_46,degree_k_hop,100,100,20,True,0,3302,127,1,101,101,candidate_contains_planted_raw_witness
20260607,degree_k_hop_q100_47,degree_k_hop,100,100,100,True,0,72411,38462,1,157,157,candidate_contains_planted_raw_witness
20260607,degree_k_hop_q100_48,degree_k_hop,100,100,1000,True,0,764657,611503,1,1179,1179,candidate_contains_planted_raw_witness
20260607,degree_k_hop_q100_49,degree_k_hop,100,100,100,True,0,51070,6287,1,119,119,candidate_contains_planted_raw_witness
20260607,degree_k_hop_q100_5,degree_k_hop,100,100,1000,True,0,878407,708580,1,357,357,candidate_contains_planted_raw_witness
20260607,degree_k_hop_q100_6,degree_k_hop,100,100,1000,True,0,909901,763193,1,3217,3217,candidate_contains_planted_raw_witness
20260607,degree_k_hop_q100_7,degree_k_hop,100,100,200,True,0,29579,493,1,102,102,candidate_contains_planted_raw_witness
20260607,degree_k_hop_q100_8,degree_k_hop,100,100,20,True,0,32075,16329,1,339,339,candidate_contains_planted_raw_witness
20260607,degree_k_hop_q100_9,degree_k_hop,100,100,200,True,0,172667,116188,1,152,152,candidate_contains_planted_raw_witness
20260607,degree_k_hop_q20_0,degree_k_hop,20,20,500,True,0,341434,216192,1,715,715,candidate_contains_planted_raw_witness
20260607,degree_k_hop_q20_1,degree_k_hop,20,20,20,True,0,14195,3724,1,23,23,candidate_contains_planted_raw_witness
20260607,degree_k_hop_q20_10,degree_k_hop,20,20,20,True,0,15953,704,1,25,25,candidate_contains_planted_raw_witness
20260607,degree_k_hop_q20_11,degree_k_hop,20,20,200,True,0,262628,176397,1,1222,1222,candidate_contains_planted_raw_witness
20260607,degree_k_hop_q20_12,degree_k_hop,20,20,20,True,0,61802,34785,1,942,942,candidate_contains_planted_raw_witness
20260607,degree_k_hop_q20_13,degree_k_hop,20,20,20,True,0,12781,71,1,20,20,candidate_contains_planted_raw_witness
20260607,degree_k_hop_q20_14,degree_k_hop,20,20,200,True,0,19214,1527,1,20,20,candidate_contains_planted_raw_witness
20260607,degree_k_hop_q20_15,degree_k_hop,20,20,50,True,0,15138,1592,1,21,21,candidate_contains_planted_raw_witness
20260607,degree_k_hop_q20_16,degree_k_hop,20,20,500,True,0,256431,69520,1,20,20,candidate_contains_planted_raw_witness
20260607,degree_k_hop_q20_17,degree_k_hop,20,20,100,True,0,63162,21546,1,25,25,candidate_contains_planted_raw_witness
20260607,degree_k_hop_q20_18,degree_k_hop,20,20,20,True,0,14799,884,1,48,48,candidate_contains_planted_raw_witness
20260607,degree_k_hop_q20_19,degree_k_hop,20,20,50,True,0,33506,9248,1,20,20,candidate_contains_planted_raw_witness
20260607,degree_k_hop_q20_2,degree_k_hop,20,20,50,True,0,30898,15796,1,43,43,candidate_contains_planted_raw_witness
20260607,degree_k_hop_q20_20,degree_k_hop,20,20,200,True,0,153776,106435,1,41,41,candidate_contains_planted_raw_witness
20260607,degree_k_hop_q20_21,degree_k_hop,20,20,20,True,0,16675,991,1,38,38,candidate_contains_planted_raw_witness
20260607,degree_k_hop_q20_22,degree_k_hop,20,20,100,True,0,11643,247,1,26,26,candidate_contains_planted_raw_witness
20260607,degree_k_hop_q20_23,degree_k_hop,20,20,500,False,9,385482,272780,1,49,49,returned_mapping_raw_guard_rerun
20260607,degree_k_hop_q20_24,degree_k_hop,20,20,20,True,0,13247,6560,1,29,29,candidate_contains_planted_raw_witness
20260607,degree_k_hop_q20_25,degree_k_hop,20,20,20,True,0,4673,60,1,22,22,candidate_contains_planted_raw_witness
20260607,degree_k_hop_q20_26,degree_k_hop,20,20,100,True,0,64613,17466,1,21,21,candidate_contains_planted_raw_witness
20260607,degree_k_hop_q20_27,degree_k_hop,20,20,20,True,0,7195,64,1,20,20,candidate_contains_planted_raw_witness
20260607,degree_k_hop_q20_28,degree_k_hop,20,20,20,True,0,1666,23,1,20,20,candidate_contains_planted_raw_witness
20260607,degree_k_hop_q20_29,degree_k_hop,20,20,500,True,0,73458,69608,1,22,22,candidate_contains_planted_raw_witness
20260607,degree_k_hop_q20_3,degree_k_hop,20,20,200,True,0,95935,41738,1,231,231,candidate_contains_planted_raw_witness
20260607,degree_k_hop_q20_30,degree_k_hop,20,20,50,True,0,26715,463,1,20,20,candidate_contains_planted_raw_witness
20260607,degree_k_hop_q20_31,degree_k_hop,20,20,50,True,0,39183,11657,1,24,24,candidate_contains_planted_raw_witness
20260607,degree_k_hop_q20_32,degree_k_hop,20,20,100,True,0,64528,18265,1,26,26,candidate_contains_planted_raw_witness
20260607,degree_k_hop_q20_33,degree_k_hop,20,20,20,True,0,14179,7787,1,24,24,candidate_contains_planted_raw_witness
20260607,degree_k_hop_q20_34,degree_k_hop,20,20,20,True,0,35043,5730,1,66,66,candidate_contains_planted_raw_witness
20260607,degree_k_hop_q20_35,degree_k_hop,20,20,20,True,0,20977,9133,1,148,148,candidate_contains_planted_raw_witness
20260607,degree_k_hop_q20_36,degree_k_hop,20,20,20,True,0,16428,6422,1,26,26,candidate_contains_planted_raw_witness
20260607,degree_k_hop_q20_37,degree_k_hop,20,20,20,True,0,13243,181,1,20,20,candidate_contains_planted_raw_witness
20260607,degree_k_hop_q20_38,degree_k_hop,20,20,1000,True,0,768574,515736,1,652,652,candidate_contains_planted_raw_witness
20260607,degree_k_hop_q20_4,degree_k_hop,20,20,20,True,0,11113,6108,1,21,21,candidate_contains_planted_raw_witness
20260607,degree_k_hop_q20_40,degree_k_hop,20,20,20,True,0,5075,90,1,22,22,candidate_contains_planted_raw_witness
20260607,degree_k_hop_q20_41,degree_k_hop,20,20,20,True,0,14730,4814,1,24,24,candidate_contains_planted_raw_witness
20260607,degree_k_hop_q20_42,degree_k_hop,20,20,50,True,0,65700,30370,1,543,543,candidate_contains_planted_raw_witness
20260607,degree_k_hop_q20_43,degree_k_hop,20,20,50,True,0,13809,146,1,20,20,candidate_contains_planted_raw_witness
20260607,degree_k_hop_q20_44,degree_k_hop,20,20,50,True,0,20298,16011,1,20,20,candidate_contains_planted_raw_witness
20260607,degree_k_hop_q20_45,degree_k_hop,20,20,50,True,0,28806,2161,1,21,21,candidate_contains_planted_raw_witness
20260607,degree_k_hop_q20_46,degree_k_hop,20,20,20,True,0,17315,24,1,24,24,candidate_contains_planted_raw_witness
20260607,degree_k_hop_q20_48,degree_k_hop,20,20,20,True,0,20294,14673,1,125,125,candidate_contains_planted_raw_witness
20260607,degree_k_hop_q20_49,degree_k_hop,20,20,20,True,0,2191,23,1,20,20,candidate_contains_planted_raw_witness
20260607,degree_k_hop_q20_5,degree_k_hop,20,20,1000,True,0,645162,349194,1,386,386,candidate_contains_planted_raw_witness
20260607,degree_k_hop_q20_6,degree_k_hop,20,20,20,True,0,10238,1241,1,28,28,candidate_contains_planted_raw_witness
20260607,degree_k_hop_q20_7,degree_k_hop,20,20,20,True,0,10827,1862,1,23,23,candidate_contains_planted_raw_witness
20260607,degree_k_hop_q20_8,degree_k_hop,20,20,200,True,0,125610,38957,1,20,20,candidate_contains_planted_raw_witness
20260607,degree_k_hop_q20_9,degree_k_hop,20,20,20,True,0,10415,195,1,21,21,candidate_contains_planted_raw_witness
20260607,degree_k_hop_q50_0,degree_k_hop,50,50,100,True,0,47834,6871,1,72,72,candidate_contains_planted_raw_witness
20260607,degree_k_hop_q50_1,degree_k_hop,50,50,200,True,0,96059,7554,1,54,54,candidate_contains_planted_raw_witness
20260607,degree_k_hop_q50_11,degree_k_hop,50,50,50,True,0,43740,13740,1,70,70,candidate_contains_planted_raw_witness
20260607,degree_k_hop_q50_12,degree_k_hop,50,50,100,True,0,91236,59654,1,55,55,candidate_contains_planted_raw_witness
20260607,degree_k_hop_q50_13,degree_k_hop,50,50,50,True,0,45156,24745,1,72,72,candidate_contains_planted_raw_witness
20260607,degree_k_hop_q50_15,degree_k_hop,50,50,500,True,0,427495,317266,1,1315,1315,candidate_contains_planted_raw_witness
20260607,degree_k_hop_q50_16,degree_k_hop,50,50,50,True,0,7712,74,1,51,51,candidate_contains_planted_raw_witness
20260607,degree_k_hop_q50_17,degree_k_hop,50,50,100,True,0,23589,9176,1,55,55,candidate_contains_planted_raw_witness
20260607,degree_k_hop_q50_18,degree_k_hop,50,50,20,True,0,18838,2192,1,55,55,candidate_contains_planted_raw_witness
20260607,degree_k_hop_q50_19,degree_k_hop,50,50,20,True,0,19978,9081,1,74,74,candidate_contains_planted_raw_witness
20260607,degree_k_hop_q50_20,degree_k_hop,50,50,100,True,0,36115,10583,1,51,51,candidate_contains_planted_raw_witness
20260607,degree_k_hop_q50_21,degree_k_hop,50,50,20,True,0,68306,38854,1,495,495,candidate_contains_planted_raw_witness
20260607,degree_k_hop_q50_22,degree_k_hop,50,50,20,True,0,18003,6655,1,75,75,candidate_contains_planted_raw_witness
20260607,degree_k_hop_q50_23,degree_k_hop,50,50,20,True,0,41239,3595,1,105,105,candidate_contains_planted_raw_witness
20260607,degree_k_hop_q50_24,degree_k_hop,50,50,20,True,0,15659,731,1,55,55,candidate_contains_planted_raw_witness
20260607,degree_k_hop_q50_25,degree_k_hop,50,50,50,True,0,28979,235,1,54,54,candidate_contains_planted_raw_witness
20260607,degree_k_hop_q50_26,degree_k_hop,50,50,20,True,0,47019,22071,1,156,156,candidate_contains_planted_raw_witness
20260607,degree_k_hop_q50_28,degree_k_hop,50,50,500,True,0,365869,201621,1,67,67,candidate_contains_planted_raw_witness
20260607,degree_k_hop_q50_29,degree_k_hop,50,50,1000,True,0,702093,577208,1,313,313,candidate_contains_planted_raw_witness
20260607,degree_k_hop_q50_3,degree_k_hop,50,50,20,True,0,20495,10090,1,91,91,candidate_contains_planted_raw_witness
20260607,degree_k_hop_q50_31,degree_k_hop,50,50,500,True,0,377478,236057,1,95,95,candidate_contains_planted_raw_witness
20260607,degree_k_hop_q50_32,degree_k_hop,50,50,20,True,0,85472,57405,1,1775,1775,candidate_contains_planted_raw_witness
20260607,degree_k_hop_q50_34,degree_k_hop,50,50,20,True,0,16514,55,1,52,52,candidate_contains_planted_raw_witness
20260607,degree_k_hop_q50_35,degree_k_hop,50,50,200,True,0,93798,58156,1,57,57,candidate_contains_planted_raw_witness
20260607,degree_k_hop_q50_36,degree_k_hop,50,50,100,True,0,58081,2129,1,54,54,candidate_contains_planted_raw_witness
20260607,degree_k_hop_q50_37,degree_k_hop,50,50,20,True,0,18214,4718,1,54,54,candidate_contains_planted_raw_witness
20260607,degree_k_hop_q50_38,degree_k_hop,50,50,50,True,0,86424,54024,1,743,743,candidate_contains_planted_raw_witness
20260607,degree_k_hop_q50_39,degree_k_hop,50,50,50,True,0,42130,20205,1,76,76,candidate_contains_planted_raw_witness
20260607,degree_k_hop_q50_4,degree_k_hop,50,50,100,True,0,77083,20710,1,55,55,candidate_contains_planted_raw_witness
20260607,degree_k_hop_q50_40,degree_k_hop,50,50,100,True,0,75881,37598,1,88,88,candidate_contains_planted_raw_witness
20260607,degree_k_hop_q50_41,degree_k_hop,50,50,200,False,18,350783,231314,1,418,418,returned_mapping_raw_guard_rerun
20260607,degree_k_hop_q50_42,degree_k_hop,50,50,200,True,0,417351,267789,1,853,853,candidate_contains_planted_raw_witness
20260607,degree_k_hop_q50_43,degree_k_hop,50,50,200,True,0,188532,102127,1,105,105,candidate_contains_planted_raw_witness
20260607,degree_k_hop_q50_44,degree_k_hop,50,50,50,True,0,45368,21206,1,64,64,candidate_contains_planted_raw_witness
20260607,degree_k_hop_q50_45,degree_k_hop,50,50,100,False,17,123919,71491,1,168,168,returned_mapping_raw_guard_rerun
20260607,degree_k_hop_q50_46,degree_k_hop,50,50,20,True,0,2709,56,1,50,50,candidate_contains_planted_raw_witness
20260607,degree_k_hop_q50_47,degree_k_hop,50,50,200,True,0,178238,104493,1,53,53,candidate_contains_planted_raw_witness
20260607,degree_k_hop_q50_48,degree_k_hop,50,50,200,True,0,153496,92038,1,168,168,candidate_contains_planted_raw_witness
20260607,degree_k_hop_q50_49,degree_k_hop,50,50,500,True,0,284034,75598,1,371,371,candidate_contains_planted_raw_witness
20260607,degree_k_hop_q50_5,degree_k_hop,50,50,50,True,0,21925,9770,1,63,63,candidate_contains_planted_raw_witness
20260607,degree_k_hop_q50_6,degree_k_hop,50,50,50,True,0,24679,14696,1,60,60,candidate_contains_planted_raw_witness
20260607,degree_k_hop_q50_7,degree_k_hop,50,50,50,True,0,8894,162,1,50,50,candidate_contains_planted_raw_witness
20260607,degree_k_hop_q50_8,degree_k_hop,50,50,200,True,0,448424,337711,1,971,971,candidate_contains_planted_raw_witness
20260607,degree_k_hop_q50_9,degree_k_hop,50,50,20,True,0,7791,609,1,54,54,candidate_contains_planted_raw_witness
20260607,k_hop_q100_0,k_hop,100,100,50,True,0,45746,15593,1,131,131,candidate_contains_planted_raw_witness
20260607,k_hop_q100_1,k_hop,100,100,500,True,0,690861,523477,1,1024,1024,candidate_contains_planted_raw_witness
20260607,k_hop_q100_10,k_hop,100,100,200,True,0,49052,27172,1,124,124,candidate_contains_planted_raw_witness
20260607,k_hop_q100_11,k_hop,100,100,1000,True,0,644646,511478,1,695,695,candidate_contains_planted_raw_witness
20260607,k_hop_q100_12,k_hop,100,100,20,True,0,16254,3940,1,112,112,candidate_contains_planted_raw_witness
20260607,k_hop_q100_13,k_hop,100,100,50,True,0,26784,7918,1,109,109,candidate_contains_planted_raw_witness
20260607,k_hop_q100_14,k_hop,100,100,50,True,0,25918,1769,1,104,104,candidate_contains_planted_raw_witness
20260607,k_hop_q100_15,k_hop,100,100,50,True,0,171671,118509,1,1370,1370,candidate_contains_planted_raw_witness
20260607,k_hop_q100_16,k_hop,100,100,20,True,0,16731,278,1,101,101,candidate_contains_planted_raw_witness
20260607,k_hop_q100_17,k_hop,100,100,20,True,0,23808,12650,1,209,209,candidate_contains_planted_raw_witness
20260607,k_hop_q100_18,k_hop,100,100,20,True,0,16076,109,1,103,103,candidate_contains_planted_raw_witness
20260607,k_hop_q100_19,k_hop,100,100,500,True,0,376917,270737,1,255,255,candidate_contains_planted_raw_witness
20260607,k_hop_q100_2,k_hop,100,100,20,True,0,8566,2402,1,104,104,candidate_contains_planted_raw_witness
20260607,k_hop_q100_20,k_hop,100,100,500,True,0,604836,476632,1,796,796,candidate_contains_planted_raw_witness
20260607,k_hop_q100_21,k_hop,100,100,500,True,0,624111,517677,1,638,638,candidate_contains_planted_raw_witness
20260607,k_hop_q100_22,k_hop,100,100,200,True,0,431995,324168,1,2539,2539,candidate_contains_planted_raw_witness
20260607,k_hop_q100_23,k_hop,100,100,20,True,0,19983,1280,1,162,162,candidate_contains_planted_raw_witness
20260607,k_hop_q100_24,k_hop,100,100,20,True,0,12204,4909,1,102,102,candidate_contains_planted_raw_witness
20260607,k_hop_q100_25,k_hop,100,100,100,True,0,76745,22809,1,187,187,candidate_contains_planted_raw_witness
20260607,k_hop_q100_27,k_hop,100,100,500,True,0,604802,492886,1,924,924,candidate_contains_planted_raw_witness
20260607,k_hop_q100_28,k_hop,100,100,20,True,0,57832,39330,1,282,282,candidate_contains_planted_raw_witness
20260607,k_hop_q100_29,k_hop,100,100,1000,False,21,710129,561662,1,318,318,returned_mapping_raw_guard_rerun
20260607,k_hop_q100_3,k_hop,100,100,100,True,0,223076,172380,1,464,464,candidate_contains_planted_raw_witness
20260607,k_hop_q100_30,k_hop,100,100,100,True,0,70422,34747,1,181,181,candidate_contains_planted_raw_witness
20260607,k_hop_q100_31,k_hop,100,100,20,True,0,18470,564,1,103,103,candidate_contains_planted_raw_witness
20260607,k_hop_q100_32,k_hop,100,100,20,True,0,19547,8900,1,232,232,candidate_contains_planted_raw_witness
20260607,k_hop_q100_33,k_hop,100,100,20,True,0,25750,14355,1,398,398,candidate_contains_planted_raw_witness
20260607,k_hop_q100_34,k_hop,100,100,20,True,0,15329,4218,1,126,126,candidate_contains_planted_raw_witness
20260607,k_hop_q100_35,k_hop,100,100,20,True,0,14989,630,1,100,100,candidate_contains_planted_raw_witness
20260607,k_hop_q100_36,k_hop,100,100,500,True,0,456238,368343,1,226,226,candidate_contains_planted_raw_witness
20260607,k_hop_q100_37,k_hop,100,100,500,True,0,105193,71549,1,121,121,candidate_contains_planted_raw_witness
20260607,k_hop_q100_38,k_hop,100,100,20,True,0,21628,634,1,104,104,candidate_contains_planted_raw_witness
20260607,k_hop_q100_39,k_hop,100,100,50,True,0,43129,15540,1,126,126,candidate_contains_planted_raw_witness
20260607,k_hop_q100_4,k_hop,100,100,500,False,21,387075,267826,1,164,164,returned_mapping_raw_guard_rerun
20260607,k_hop_q100_40,k_hop,100,100,20,True,0,19811,4223,1,127,127,candidate_contains_planted_raw_witness
20260607,k_hop_q100_42,k_hop,100,100,50,True,0,45466,14293,1,125,125,candidate_contains_planted_raw_witness
20260607,k_hop_q100_43,k_hop,100,100,200,True,0,137469,58407,1,318,318,candidate_contains_planted_raw_witness
20260607,k_hop_q100_44,k_hop,100,100,500,True,0,299206,171394,1,156,156,candidate_contains_planted_raw_witness
20260607,k_hop_q100_45,k_hop,100,100,1000,True,0,674221,516952,1,279,279,candidate_contains_planted_raw_witness
20260607,k_hop_q100_46,k_hop,100,100,50,True,0,31455,3505,1,114,114,candidate_contains_planted_raw_witness
20260607,k_hop_q100_47,k_hop,100,100,20,True,0,3322,102,1,100,100,candidate_contains_planted_raw_witness
20260607,k_hop_q100_48,k_hop,100,100,1000,True,0,368979,26459,1,123,123,candidate_contains_planted_raw_witness
20260607,k_hop_q100_49,k_hop,100,100,50,True,0,37814,12379,1,115,115,candidate_contains_planted_raw_witness
20260607,k_hop_q100_5,k_hop,100,100,50,True,0,25332,3775,1,114,114,candidate_contains_planted_raw_witness
20260607,k_hop_q100_7,k_hop,100,100,200,True,0,315996,257089,1,449,449,candidate_contains_planted_raw_witness
20260607,k_hop_q100_8,k_hop,100,100,500,True,0,343970,253501,1,238,238,candidate_contains_planted_raw_witness
20260607,k_hop_q100_9,k_hop,100,100,20,True,0,17502,5154,1,125,125,candidate_contains_planted_raw_witness
20260607,k_hop_q20_0,k_hop,20,20,200,True,0,95135,836,1,20,20,candidate_contains_planted_raw_witness
20260607,k_hop_q20_1,k_hop,20,20,1000,True,0,301862,14145,1,24,24,candidate_contains_planted_raw_witness
20260607,k_hop_q20_10,k_hop,20,20,100,True,0,27869,10267,1,30,30,candidate_contains_planted_raw_witness
20260607,k_hop_q20_11,k_hop,20,20,50,True,0,24139,1630,1,21,21,candidate_contains_planted_raw_witness
20260607,k_hop_q20_12,k_hop,20,20,20,True,0,21281,9149,1,29,29,candidate_contains_planted_raw_witness
20260607,k_hop_q20_13,k_hop,20,20,100,True,0,30531,25505,1,20,20,candidate_contains_planted_raw_witness
20260607,k_hop_q20_14,k_hop,20,20,20,True,0,14419,178,1,23,23,candidate_contains_planted_raw_witness
20260607,k_hop_q20_15,k_hop,20,20,20,True,0,2667,20,1,20,20,candidate_contains_planted_raw_witness
20260607,k_hop_q20_16,k_hop,20,20,20,True,0,15045,226,1,20,20,candidate_contains_planted_raw_witness
20260607,k_hop_q20_17,k_hop,20,20,50,True,0,23161,6469,1,20,20,candidate_contains_planted_raw_witness
20260607,k_hop_q20_18,k_hop,20,20,500,True,0,305165,70555,1,33,33,candidate_contains_planted_raw_witness
20260607,k_hop_q20_19,k_hop,20,20,200,True,0,131020,32406,1,20,20,candidate_contains_planted_raw_witness
20260607,k_hop_q20_2,k_hop,20,20,20,True,0,2602,36,1,20,20,candidate_contains_planted_raw_witness
20260607,k_hop_q20_20,k_hop,20,20,20,True,0,12894,1217,1,22,22,candidate_contains_planted_raw_witness
20260607,k_hop_q20_21,k_hop,20,20,1000,True,0,599412,275699,1,164,164,candidate_contains_planted_raw_witness
20260607,k_hop_q20_22,k_hop,20,20,20,True,0,56445,29565,1,857,857,candidate_contains_planted_raw_witness
20260607,k_hop_q20_23,k_hop,20,20,100,True,0,19767,7849,1,20,20,candidate_contains_planted_raw_witness
20260607,k_hop_q20_24,k_hop,20,20,50,True,0,7995,241,1,20,20,candidate_contains_planted_raw_witness
20260607,k_hop_q20_25,k_hop,20,20,20,True,0,38015,8702,1,1697,1697,candidate_contains_planted_raw_witness
20260607,k_hop_q20_26,k_hop,20,20,1000,True,0,323601,97022,1,110,110,candidate_contains_planted_raw_witness
20260607,k_hop_q20_27,k_hop,20,20,20,True,0,13026,2914,1,20,20,candidate_contains_planted_raw_witness
20260607,k_hop_q20_28,k_hop,20,20,500,True,0,240583,106498,1,20,20,candidate_contains_planted_raw_witness
20260607,k_hop_q20_29,k_hop,20,20,20,True,0,15155,2261,1,22,22,candidate_contains_planted_raw_witness
20260607,k_hop_q20_3,k_hop,20,20,20,True,0,14493,138,1,20,20,candidate_contains_planted_raw_witness
20260607,k_hop_q20_30,k_hop,20,20,20,True,0,16620,2014,1,45,45,candidate_contains_planted_raw_witness
20260607,k_hop_q20_31,k_hop,20,20,20,True,0,5927,34,1,20,20,candidate_contains_planted_raw_witness
20260607,k_hop_q20_32,k_hop,20,20,200,True,0,165083,387,1,24,24,candidate_contains_planted_raw_witness
20260607,k_hop_q20_33,k_hop,20,20,20,True,0,14485,954,1,22,22,candidate_contains_planted_raw_witness
20260607,k_hop_q20_34,k_hop,20,20,20,True,0,14290,825,1,20,20,candidate_contains_planted_raw_witness
20260607,k_hop_q20_35,k_hop,20,20,20,True,0,11337,48,1,20,20,candidate_contains_planted_raw_witness
20260607,k_hop_q20_36,k_hop,20,20,50,True,0,50019,24474,1,140,140,candidate_contains_planted_raw_witness
20260607,k_hop_q20_37,k_hop,20,20,1000,True,0,139535,105210,1,21,21,candidate_contains_planted_raw_witness
20260607,k_hop_q20_38,k_hop,20,20,500,True,0,498225,336561,1,1436,1436,candidate_contains_planted_raw_witness
20260607,k_hop_q20_39,k_hop,20,20,50,True,0,39335,17648,1,55,55,candidate_contains_planted_raw_witness
20260607,k_hop_q20_4,k_hop,20,20,20,True,0,6976,66,1,26,26,candidate_contains_planted_raw_witness
20260607,k_hop_q20_40,k_hop,20,20,20,True,0,17183,58,1,31,31,candidate_contains_planted_raw_witness
20260607,k_hop_q20_41,k_hop,20,20,50,False,2,39033,20361,1,53,53,returned_mapping_raw_guard_rerun
20260607,k_hop_q20_42,k_hop,20,20,50,True,0,45350,17426,1,76,76,candidate_contains_planted_raw_witness
20260607,k_hop_q20_43,k_hop,20,20,20,True,0,7979,2187,1,20,20,candidate_contains_planted_raw_witness
20260607,k_hop_q20_44,k_hop,20,20,50,True,0,40709,1594,1,21,21,candidate_contains_planted_raw_witness
20260607,k_hop_q20_45,k_hop,20,20,500,True,0,526553,388496,1,1706,1706,candidate_contains_planted_raw_witness
20260607,k_hop_q20_46,k_hop,20,20,500,True,0,471249,286246,1,23,23,candidate_contains_planted_raw_witness
20260607,k_hop_q20_47,k_hop,20,20,50,True,0,23148,2402,1,22,22,candidate_contains_planted_raw_witness
20260607,k_hop_q20_48,k_hop,20,20,20,True,0,2038,20,1,20,20,candidate_contains_planted_raw_witness
20260607,k_hop_q20_49,k_hop,20,20,100,True,0,83015,45418,1,40,40,candidate_contains_planted_raw_witness
20260607,k_hop_q20_5,k_hop,20,20,20,True,0,14130,1304,1,23,23,candidate_contains_planted_raw_witness
20260607,k_hop_q20_6,k_hop,20,20,1000,True,0,349041,96723,1,261,261,candidate_contains_planted_raw_witness
20260607,k_hop_q20_7,k_hop,20,20,100,True,0,53480,10011,1,20,20,candidate_contains_planted_raw_witness
20260607,k_hop_q20_8,k_hop,20,20,20,True,0,10347,605,1,21,21,candidate_contains_planted_raw_witness
20260607,k_hop_q20_9,k_hop,20,20,100,True,0,56802,2665,1,21,21,candidate_contains_planted_raw_witness
20260607,k_hop_q50_0,k_hop,50,50,500,True,0,213792,91419,1,135,135,candidate_contains_planted_raw_witness
20260607,k_hop_q50_1,k_hop,50,50,20,True,0,13600,1337,1,63,63,candidate_contains_planted_raw_witness
20260607,k_hop_q50_10,k_hop,50,50,20,True,0,18218,928,1,59,59,candidate_contains_planted_raw_witness
20260607,k_hop_q50_11,k_hop,50,50,20,True,0,41007,4233,1,1240,1240,candidate_contains_planted_raw_witness
20260607,k_hop_q50_12,k_hop,50,50,200,True,0,61568,17424,1,55,55,candidate_contains_planted_raw_witness
20260607,k_hop_q50_13,k_hop,50,50,20,True,0,12720,951,1,59,59,candidate_contains_planted_raw_witness
20260607,k_hop_q50_14,k_hop,50,50,20,True,0,21935,7911,1,54,54,candidate_contains_planted_raw_witness
20260607,k_hop_q50_15,k_hop,50,50,20,True,0,14015,2397,1,56,56,candidate_contains_planted_raw_witness
20260607,k_hop_q50_16,k_hop,50,50,20,True,0,16660,455,1,50,50,candidate_contains_planted_raw_witness
20260607,k_hop_q50_17,k_hop,50,50,20,True,0,19141,4386,1,96,96,candidate_contains_planted_raw_witness
20260607,k_hop_q50_18,k_hop,50,50,200,True,0,333368,220448,1,928,928,candidate_contains_planted_raw_witness
20260607,k_hop_q50_19,k_hop,50,50,20,True,0,24783,6982,1,73,73,candidate_contains_planted_raw_witness
20260607,k_hop_q50_20,k_hop,50,50,1000,True,0,159011,125557,1,63,63,candidate_contains_planted_raw_witness
20260607,k_hop_q50_21,k_hop,50,50,20,True,0,12270,444,1,51,51,candidate_contains_planted_raw_witness
20260607,k_hop_q50_22,k_hop,50,50,20,True,0,37066,5055,1,1982,1982,candidate_contains_planted_raw_witness
20260607,k_hop_q50_23,k_hop,50,50,100,True,0,65040,7288,1,54,54,candidate_contains_planted_raw_witness
20260607,k_hop_q50_24,k_hop,50,50,100,True,0,94229,38100,1,57,57,candidate_contains_planted_raw_witness
20260607,k_hop_q50_25,k_hop,50,50,500,True,0,586737,411864,1,2409,2409,candidate_contains_planted_raw_witness
20260607,k_hop_q50_26,k_hop,50,50,50,True,0,98473,48779,1,379,379,candidate_contains_planted_raw_witness
20260607,k_hop_q50_27,k_hop,50,50,20,False,2,13860,4399,1,62,62,returned_mapping_raw_guard_rerun
20260607,k_hop_q50_28,k_hop,50,50,20,True,0,16567,6359,1,55,55,candidate_contains_planted_raw_witness
20260607,k_hop_q50_29,k_hop,50,50,20,True,0,7237,162,1,51,51,candidate_contains_planted_raw_witness
20260607,k_hop_q50_3,k_hop,50,50,20,True,0,27809,7587,1,158,158,candidate_contains_planted_raw_witness
20260607,k_hop_q50_30,k_hop,50,50,100,False,3,74397,37780,1,75,75,returned_mapping_raw_guard_rerun
20260607,k_hop_q50_31,k_hop,50,50,200,True,0,349967,298775,1,2020,2020,candidate_contains_planted_raw_witness
20260607,k_hop_q50_32,k_hop,50,50,200,True,0,121783,55749,1,65,65,candidate_contains_planted_raw_witness
20260607,k_hop_q50_33,k_hop,50,50,20,True,0,3494,68,1,51,51,candidate_contains_planted_raw_witness
20260607,k_hop_q50_34,k_hop,50,50,50,True,0,52717,24308,1,68,68,candidate_contains_planted_raw_witness
20260607,k_hop_q50_35,k_hop,50,50,20,True,0,17552,681,1,58,58,candidate_contains_planted_raw_witness
20260607,k_hop_q50_36,k_hop,50,50,200,True,0,160589,65479,1,66,66,candidate_contains_planted_raw_witness
20260607,k_hop_q50_37,k_hop,50,50,50,True,0,48614,13805,1,5161,5161,candidate_contains_planted_raw_witness
20260607,k_hop_q50_38,k_hop,50,50,500,False,6,371320,282218,1,180,180,returned_mapping_raw_guard_rerun
20260607,k_hop_q50_39,k_hop,50,50,20,False,21,24981,14744,1,202,202,returned_mapping_raw_guard_rerun
20260607,k_hop_q50_4,k_hop,50,50,100,True,0,66825,28043,1,68,68,candidate_contains_planted_raw_witness
20260607,k_hop_q50_40,k_hop,50,50,1000,True,0,552326,413953,1,59,59,candidate_contains_planted_raw_witness
20260607,k_hop_q50_41,k_hop,50,50,20,True,0,29975,13695,1,745,745,candidate_contains_planted_raw_witness
20260607,k_hop_q50_42,k_hop,50,50,1000,True,0,695965,552012,1,817,817,candidate_contains_planted_raw_witness
20260607,k_hop_q50_43,k_hop,50,50,20,True,0,20121,901,1,60,60,candidate_contains_planted_raw_witness
20260607,k_hop_q50_44,k_hop,50,50,20,True,0,14460,1055,1,62,62,candidate_contains_planted_raw_witness
20260607,k_hop_q50_45,k_hop,50,50,100,True,0,21699,9078,1,62,62,candidate_contains_planted_raw_witness
20260607,k_hop_q50_46,k_hop,50,50,1000,True,0,472802,192948,1,68,68,candidate_contains_planted_raw_witness
20260607,k_hop_q50_47,k_hop,50,50,200,True,0,124994,90585,1,100,100,candidate_contains_planted_raw_witness
20260607,k_hop_q50_48,k_hop,50,50,100,False,15,103050,61004,1,690,690,returned_mapping_raw_guard_rerun
20260607,k_hop_q50_49,k_hop,50,50,500,True,0,331044,205820,1,62,62,candidate_contains_planted_raw_witness
20260607,k_hop_q50_5,k_hop,50,50,500,True,0,387288,264652,1,332,332,candidate_contains_planted_raw_witness
20260607,k_hop_q50_6,k_hop,50,50,1000,True,0,681525,455752,1,195,195,candidate_contains_planted_raw_witness
20260607,k_hop_q50_7,k_hop,50,50,20,True,0,9853,208,1,51,51,candidate_contains_planted_raw_witness
20260607,k_hop_q50_8,k_hop,50,50,500,True,0,82494,53093,1,54,54,candidate_contains_planted_raw_witness
20260607,k_hop_q50_9,k_hop,50,50,50,True,0,27302,4851,1,56,56,candidate_contains_planted_raw_witness
20260607,multi_coarse_q100_0,multi_coarse,100,100,500,False,16,600543,411641,1,2467,2467,returned_mapping_raw_guard_rerun
20260607,multi_coarse_q100_11,multi_coarse,100,100,1000,True,0,689288,494891,1,369,369,candidate_contains_planted_raw_witness
20260607,multi_coarse_q100_12,multi_coarse,100,100,1000,True,0,426973,155489,1,124,124,candidate_contains_planted_raw_witness
20260607,multi_coarse_q100_13,multi_coarse,100,100,500,True,0,648527,477074,1,5574,5574,candidate_contains_planted_raw_witness
20260607,multi_coarse_q100_15,multi_coarse,100,100,500,True,0,406793,209232,1,163,163,candidate_contains_planted_raw_witness
20260607,multi_coarse_q100_16,multi_coarse,100,100,1000,True,0,814058,597079,1,178,178,candidate_contains_planted_raw_witness
20260607,multi_coarse_q100_18,multi_coarse,100,100,500,True,0,453446,280218,1,125,125,candidate_contains_planted_raw_witness
20260607,multi_coarse_q100_19,multi_coarse,100,100,100,True,0,105181,63430,1,195,195,candidate_contains_planted_raw_witness
20260607,multi_coarse_q100_20,multi_coarse,100,100,200,True,0,187457,122584,1,178,178,candidate_contains_planted_raw_witness
20260607,multi_coarse_q100_21,multi_coarse,100,100,500,True,0,434041,315301,1,193,193,candidate_contains_planted_raw_witness
20260607,multi_coarse_q100_23,multi_coarse,100,100,1000,True,0,761300,509802,1,202,202,candidate_contains_planted_raw_witness
20260607,multi_coarse_q100_24,multi_coarse,100,100,200,True,0,182259,97659,1,159,159,candidate_contains_planted_raw_witness
20260607,multi_coarse_q100_26,multi_coarse,100,100,500,True,0,460442,309489,1,2084,2084,candidate_contains_planted_raw_witness
20260607,multi_coarse_q100_29,multi_coarse,100,100,500,True,0,427592,269020,1,192,192,candidate_contains_planted_raw_witness
20260607,multi_coarse_q100_3,multi_coarse,100,100,500,True,0,407711,339786,1,281,281,candidate_contains_planted_raw_witness
20260607,multi_coarse_q100_30,multi_coarse,100,100,1000,True,0,766473,530066,1,176,176,candidate_contains_planted_raw_witness
20260607,multi_coarse_q100_31,multi_coarse,100,100,500,True,0,429346,301761,1,165,165,candidate_contains_planted_raw_witness
20260607,multi_coarse_q100_32,multi_coarse,100,100,1000,True,0,819585,643201,1,2155,2155,candidate_contains_planted_raw_witness
20260607,multi_coarse_q100_33,multi_coarse,100,100,500,True,0,499496,356622,1,166,166,candidate_contains_planted_raw_witness
20260607,multi_coarse_q100_34,multi_coarse,100,100,500,False,23,533951,384734,1,479,479,returned_mapping_raw_guard_rerun
20260607,multi_coarse_q100_35,multi_coarse,100,100,200,False,26,281037,197242,1,244,244,returned_mapping_raw_guard_rerun
20260607,multi_coarse_q100_36,multi_coarse,100,100,500,True,0,363546,231399,1,233,233,candidate_contains_planted_raw_witness
20260607,multi_coarse_q100_37,multi_coarse,100,100,100,True,0,94295,61927,1,186,186,candidate_contains_planted_raw_witness
20260607,multi_coarse_q100_38,multi_coarse,100,100,1000,True,0,701003,484427,1,3033,3033,candidate_contains_planted_raw_witness
20260607,multi_coarse_q100_39,multi_coarse,100,100,1000,True,0,817388,624994,1,2270,2270,candidate_contains_planted_raw_witness
20260607,multi_coarse_q100_4,multi_coarse,100,100,500,True,0,221504,86210,1,159,159,candidate_contains_planted_raw_witness
20260607,multi_coarse_q100_40,multi_coarse,100,99,50,True,0,39568,17456,1,129,129,candidate_contains_planted_raw_witness
20260607,multi_coarse_q100_41,multi_coarse,100,100,1000,True,0,831029,623459,1,242,242,candidate_contains_planted_raw_witness
20260607,multi_coarse_q100_44,multi_coarse,100,100,1000,True,0,836325,641986,1,1021,1021,candidate_contains_planted_raw_witness
20260607,multi_coarse_q100_45,multi_coarse,100,100,500,True,0,329765,195080,1,143,143,candidate_contains_planted_raw_witness
20260607,multi_coarse_q100_46,multi_coarse,100,100,1000,False,11,766909,512101,1,355,355,returned_mapping_raw_guard_rerun
20260607,multi_coarse_q100_48,multi_coarse,100,100,500,True,0,466859,333560,1,190,190,candidate_contains_planted_raw_witness
20260607,multi_coarse_q100_49,multi_coarse,100,100,500,True,0,361400,207686,1,155,155,candidate_contains_planted_raw_witness
20260607,multi_coarse_q100_5,multi_coarse,100,100,100,True,0,61177,18387,1,148,148,candidate_contains_planted_raw_witness
20260607,multi_coarse_q100_7,multi_coarse,100,100,500,True,0,411077,279766,1,145,145,candidate_contains_planted_raw_witness
20260607,multi_coarse_q100_8,multi_coarse,100,100,500,True,0,410226,270089,1,980,980,candidate_contains_planted_raw_witness
20260607,multi_coarse_q20_1,multi_coarse,20,20,500,True,0,237675,192802,1,35,35,candidate_contains_planted_raw_witness
20260607,multi_coarse_q20_10,multi_coarse,20,20,1000,True,0,611660,377984,1,34,34,candidate_contains_planted_raw_witness
20260607,multi_coarse_q20_11,multi_coarse,20,20,100,True,0,29291,23943,1,21,21,candidate_contains_planted_raw_witness
20260607,multi_coarse_q20_12,multi_coarse,20,20,1000,True,0,611937,320477,1,24,24,candidate_contains_planted_raw_witness
20260607,multi_coarse_q20_13,multi_coarse,20,20,20,True,0,12657,370,1,20,20,candidate_contains_planted_raw_witness
20260607,multi_coarse_q20_14,multi_coarse,20,20,20,True,0,9857,4454,1,27,27,candidate_contains_planted_raw_witness
20260607,multi_coarse_q20_15,multi_coarse,20,20,1000,False,1,675982,275062,1,32,32,returned_mapping_raw_guard_rerun
20260607,multi_coarse_q20_16,multi_coarse,20,20,1000,True,0,659089,386421,1,955,955,candidate_contains_planted_raw_witness
20260607,multi_coarse_q20_17,multi_coarse,20,20,200,False,6,254977,159485,1,1140,1140,returned_mapping_raw_guard_rerun
20260607,multi_coarse_q20_18,multi_coarse,20,20,1000,True,0,684559,331040,1,154,154,candidate_contains_planted_raw_witness
20260607,multi_coarse_q20_19,multi_coarse,20,20,500,True,0,429887,242256,1,620,620,candidate_contains_planted_raw_witness
20260607,multi_coarse_q20_22,multi_coarse,20,20,500,True,0,251966,78985,1,23,23,candidate_contains_planted_raw_witness
20260607,multi_coarse_q20_23,multi_coarse,20,20,500,False,6,383845,287712,1,99,99,returned_mapping_raw_guard_rerun
20260607,multi_coarse_q20_24,multi_coarse,20,20,1000,True,0,294945,7400,1,20,20,candidate_contains_planted_raw_witness
20260607,multi_coarse_q20_25,multi_coarse,20,20,500,True,0,265559,134972,1,27,27,candidate_contains_planted_raw_witness
20260607,multi_coarse_q20_26,multi_coarse,20,20,500,False,7,426218,307169,1,52,52,returned_mapping_raw_guard_rerun
20260607,multi_coarse_q20_27,multi_coarse,20,20,200,False,1,392558,187067,1,1986,1986,returned_mapping_raw_guard_rerun
20260607,multi_coarse_q20_28,multi_coarse,20,20,500,True,0,401564,273793,1,1100,1100,candidate_contains_planted_raw_witness
20260607,multi_coarse_q20_3,multi_coarse,20,19,1000,True,0,782164,511388,1,26,26,candidate_contains_planted_raw_witness
20260607,multi_coarse_q20_30,multi_coarse,20,20,1000,True,0,492937,124194,1,26,26,candidate_contains_planted_raw_witness
20260607,multi_coarse_q20_32,multi_coarse,20,20,500,True,0,451285,308170,1,1692,1692,candidate_contains_planted_raw_witness
20260607,multi_coarse_q20_33,multi_coarse,20,20,500,True,0,234281,132572,1,27,27,candidate_contains_planted_raw_witness
20260607,multi_coarse_q20_35,multi_coarse,20,20,50,False,5,54479,53035,1,2134,2134,returned_mapping_raw_guard_rerun
20260607,multi_coarse_q20_36,multi_coarse,20,20,100,True,0,4366,80,1,20,20,candidate_contains_planted_raw_witness
20260607,multi_coarse_q20_37,multi_coarse,20,20,500,True,0,236706,47833,1,20,20,candidate_contains_planted_raw_witness
20260607,multi_coarse_q20_4,multi_coarse,20,20,1000,True,0,733360,479799,1,37,37,candidate_contains_planted_raw_witness
20260607,multi_coarse_q20_40,multi_coarse,20,20,1000,True,0,656794,437682,1,25,25,candidate_contains_planted_raw_witness
20260607,multi_coarse_q20_41,multi_coarse,20,20,100,True,0,33731,2172,1,24,24,candidate_contains_planted_raw_witness
20260607,multi_coarse_q20_42,multi_coarse,20,20,1000,True,0,285441,236240,1,23,23,candidate_contains_planted_raw_witness
20260607,multi_coarse_q20_43,multi_coarse,20,20,1000,True,0,582754,335607,1,28,28,candidate_contains_planted_raw_witness
20260607,multi_coarse_q20_44,multi_coarse,20,20,100,False,7,61514,30028,1,50,50,returned_mapping_raw_guard_rerun
20260607,multi_coarse_q20_45,multi_coarse,20,20,1000,True,0,599012,338181,1,29,29,candidate_contains_planted_raw_witness
20260607,multi_coarse_q20_46,multi_coarse,20,20,500,True,0,421838,241239,1,760,760,candidate_contains_planted_raw_witness
20260607,multi_coarse_q20_47,multi_coarse,20,20,1000,True,0,427269,209645,1,25,25,candidate_contains_planted_raw_witness
20260607,multi_coarse_q20_48,multi_coarse,20,18,1000,True,0,278956,256442,1,19,19,candidate_contains_planted_raw_witness
20260607,multi_coarse_q20_5,multi_coarse,20,20,500,True,0,266805,125650,1,22,22,candidate_contains_planted_raw_witness
20260607,multi_coarse_q20_7,multi_coarse,20,20,500,True,0,320103,174922,1,34,34,candidate_contains_planted_raw_witness
20260607,multi_coarse_q20_8,multi_coarse,20,20,200,True,0,58673,29158,1,25,25,candidate_contains_planted_raw_witness
20260607,multi_coarse_q20_9,multi_coarse,20,20,1000,True,0,422510,167664,1,25,25,candidate_contains_planted_raw_witness
20260607,multi_coarse_q50_0,multi_coarse,50,50,500,True,0,378080,186365,1,105,105,candidate_contains_planted_raw_witness
20260607,multi_coarse_q50_10,multi_coarse,50,50,500,True,0,404509,255080,1,81,81,candidate_contains_planted_raw_witness
20260607,multi_coarse_q50_11,multi_coarse,50,50,500,True,0,424373,246236,1,80,80,candidate_contains_planted_raw_witness
20260607,multi_coarse_q50_12,multi_coarse,50,50,500,True,0,493455,356327,1,5244,5244,candidate_contains_planted_raw_witness
20260607,multi_coarse_q50_13,multi_coarse,50,50,200,True,0,132564,50821,1,65,65,candidate_contains_planted_raw_witness
20260607,multi_coarse_q50_14,multi_coarse,50,50,200,True,0,98188,31464,1,68,68,candidate_contains_planted_raw_witness
20260607,multi_coarse_q50_15,multi_coarse,50,50,1000,False,6,885732,661396,1,1288,1288,returned_mapping_raw_guard_rerun
20260607,multi_coarse_q50_17,multi_coarse,50,50,200,True,0,119241,57452,1,74,74,candidate_contains_planted_raw_witness
20260607,multi_coarse_q50_18,multi_coarse,50,50,500,False,1,487999,294541,1,2695,2695,returned_mapping_raw_guard_rerun
20260607,multi_coarse_q50_2,multi_coarse,50,50,1000,True,0,722197,422463,1,57,57,candidate_contains_planted_raw_witness
20260607,multi_coarse_q50_20,multi_coarse,50,50,200,True,0,144558,77207,1,69,69,candidate_contains_planted_raw_witness
20260607,multi_coarse_q50_23,multi_coarse,50,50,1000,True,0,607485,373587,1,64,64,candidate_contains_planted_raw_witness
20260607,multi_coarse_q50_24,multi_coarse,50,50,200,True,0,209332,123148,1,68,68,candidate_contains_planted_raw_witness
20260607,multi_coarse_q50_25,multi_coarse,50,50,500,True,0,447489,292484,1,85,85,candidate_contains_planted_raw_witness
20260607,multi_coarse_q50_26,multi_coarse,50,50,1000,True,0,660067,322040,1,869,869,candidate_contains_planted_raw_witness
20260607,multi_coarse_q50_27,multi_coarse,50,50,1000,True,0,306743,15522,1,53,53,candidate_contains_planted_raw_witness
20260607,multi_coarse_q50_28,multi_coarse,50,50,200,True,0,164897,72701,1,88,88,candidate_contains_planted_raw_witness
20260607,multi_coarse_q50_29,multi_coarse,50,49,1000,True,0,652057,370240,1,84,84,candidate_contains_planted_raw_witness
20260607,multi_coarse_q50_30,multi_coarse,50,50,500,True,0,383375,255436,1,129,129,candidate_contains_planted_raw_witness
20260607,multi_coarse_q50_31,multi_coarse,50,50,1000,True,0,793413,517792,1,88,88,candidate_contains_planted_raw_witness
20260607,multi_coarse_q50_32,multi_coarse,50,50,500,True,0,394291,158776,1,70,70,candidate_contains_planted_raw_witness
20260607,multi_coarse_q50_33,multi_coarse,50,50,1000,True,0,655126,310311,1,87,87,candidate_contains_planted_raw_witness
20260607,multi_coarse_q50_34,multi_coarse,50,50,20,True,0,6928,67,1,50,50,candidate_contains_planted_raw_witness
20260607,multi_coarse_q50_36,multi_coarse,50,50,1000,True,0,748615,496020,1,308,308,candidate_contains_planted_raw_witness
20260607,multi_coarse_q50_37,multi_coarse,50,50,1000,True,0,711648,538982,1,697,697,candidate_contains_planted_raw_witness
20260607,multi_coarse_q50_38,multi_coarse,50,50,200,True,0,97682,20076,1,62,62,candidate_contains_planted_raw_witness
20260607,multi_coarse_q50_4,multi_coarse,50,50,1000,True,0,766552,619519,1,75,75,candidate_contains_planted_raw_witness
20260607,multi_coarse_q50_40,multi_coarse,50,50,1000,False,7,706618,465968,1,433,433,returned_mapping_raw_guard_rerun
20260607,multi_coarse_q50_42,multi_coarse,50,50,500,True,0,180968,49728,1,55,55,candidate_contains_planted_raw_witness
20260607,multi_coarse_q50_43,multi_coarse,50,50,1000,True,0,692550,487509,1,255,255,candidate_contains_planted_raw_witness
20260607,multi_coarse_q50_44,multi_coarse,50,50,500,True,0,572737,455215,1,8073,8073,candidate_contains_planted_raw_witness
20260607,multi_coarse_q50_47,multi_coarse,50,50,1000,True,0,835356,630460,1,225,225,candidate_contains_planted_raw_witness
20260607,multi_coarse_q50_48,multi_coarse,50,50,1000,True,0,764773,587921,1,983,983,candidate_contains_planted_raw_witness
20260607,multi_coarse_q50_49,multi_coarse,50,50,200,True,0,174148,101048,1,83,83,candidate_contains_planted_raw_witness
20260607,multi_coarse_q50_7,multi_coarse,50,50,100,True,0,12775,9583,1,50,50,candidate_contains_planted_raw_witness
20260607,multi_coarse_q50_8,multi_coarse,50,50,1000,True,0,317919,116370,1,66,66,candidate_contains_planted_raw_witness
20260607,multi_coarse_q50_9,multi_coarse,50,50,1000,True,0,716862,477716,1,1706,1706,candidate_contains_planted_raw_witness
20260607,multi_fine_q100_0,multi_fine,100,100,20,True,0,19980,14333,1,139,139,candidate_contains_planted_raw_witness
20260607,multi_fine_q100_1,multi_fine,100,100,20,True,0,50637,40662,1,1011,1011,candidate_contains_planted_raw_witness
20260607,multi_fine_q100_10,multi_fine,100,100,20,True,0,21770,13961,1,200,200,candidate_contains_planted_raw_witness
20260607,multi_fine_q100_11,multi_fine,100,100,20,True,0,20982,12615,1,182,182,candidate_contains_planted_raw_witness
20260607,multi_fine_q100_12,multi_fine,100,100,20,True,0,24655,13337,1,244,244,candidate_contains_planted_raw_witness
20260607,multi_fine_q100_13,multi_fine,100,100,20,True,0,19405,6095,1,200,200,candidate_contains_planted_raw_witness
20260607,multi_fine_q100_14,multi_fine,100,100,100,True,0,130179,98206,1,561,561,candidate_contains_planted_raw_witness
20260607,multi_fine_q100_15,multi_fine,100,100,20,True,0,12197,2765,1,123,123,candidate_contains_planted_raw_witness
20260607,multi_fine_q100_16,multi_fine,100,100,20,True,0,22891,11823,1,172,172,candidate_contains_planted_raw_witness
20260607,multi_fine_q100_17,multi_fine,100,100,20,True,0,19622,12751,1,149,149,candidate_contains_planted_raw_witness
20260607,multi_fine_q100_18,multi_fine,100,100,20,True,0,21916,12484,1,216,216,candidate_contains_planted_raw_witness
20260607,multi_fine_q100_19,multi_fine,100,100,20,True,0,24034,14315,1,212,212,candidate_contains_planted_raw_witness
20260607,multi_fine_q100_2,multi_fine,100,100,20,True,0,85479,57718,1,2990,2990,candidate_contains_planted_raw_witness
20260607,multi_fine_q100_20,multi_fine,100,100,100,True,0,74682,21019,1,152,152,candidate_contains_planted_raw_witness
20260607,multi_fine_q100_21,multi_fine,100,100,20,True,0,29511,15681,1,190,190,candidate_contains_planted_raw_witness
20260607,multi_fine_q100_22,multi_fine,100,100,20,True,0,24349,15878,1,205,205,candidate_contains_planted_raw_witness
20260607,multi_fine_q100_23,multi_fine,100,100,20,True,0,19399,9061,1,148,148,candidate_contains_planted_raw_witness
20260607,multi_fine_q100_24,multi_fine,100,100,20,True,0,20171,12101,1,136,136,candidate_contains_planted_raw_witness
20260607,multi_fine_q100_25,multi_fine,100,100,20,True,0,48778,28384,1,754,754,candidate_contains_planted_raw_witness
20260607,multi_fine_q100_26,multi_fine,100,100,20,True,0,21761,13526,1,274,274,candidate_contains_planted_raw_witness
20260607,multi_fine_q100_27,multi_fine,100,100,20,True,0,49138,32114,1,1009,1009,candidate_contains_planted_raw_witness
20260607,multi_fine_q100_28,multi_fine,100,100,20,True,0,24534,10820,1,191,191,candidate_contains_planted_raw_witness
20260607,multi_fine_q100_29,multi_fine,100,100,20,True,0,22226,15508,1,197,197,candidate_contains_planted_raw_witness
20260607,multi_fine_q100_3,multi_fine,100,100,20,True,0,22299,11002,1,159,159,candidate_contains_planted_raw_witness
20260607,multi_fine_q100_30,multi_fine,100,100,20,True,0,18436,6426,1,132,132,candidate_contains_planted_raw_witness
20260607,multi_fine_q100_31,multi_fine,100,98,20,True,0,25301,18568,1,308,308,candidate_contains_planted_raw_witness
20260607,multi_fine_q100_32,multi_fine,100,100,20,True,0,21718,14205,1,181,181,candidate_contains_planted_raw_witness
20260607,multi_fine_q100_33,multi_fine,100,100,20,True,0,16326,6569,1,152,152,candidate_contains_planted_raw_witness
20260607,multi_fine_q100_34,multi_fine,100,100,20,True,0,22710,9152,1,181,181,candidate_contains_planted_raw_witness
20260607,multi_fine_q100_35,multi_fine,100,100,20,True,0,28236,19391,1,397,397,candidate_contains_planted_raw_witness
20260607,multi_fine_q100_36,multi_fine,100,100,20,True,0,16096,3537,1,111,111,candidate_contains_planted_raw_witness
20260607,multi_fine_q100_37,multi_fine,100,100,20,True,0,12741,3515,1,136,136,candidate_contains_planted_raw_witness
20260607,multi_fine_q100_38,multi_fine,100,100,20,True,0,22426,13903,1,169,169,candidate_contains_planted_raw_witness
20260607,multi_fine_q100_39,multi_fine,100,100,20,True,0,19202,5842,1,155,155,candidate_contains_planted_raw_witness
20260607,multi_fine_q100_4,multi_fine,100,100,20,True,0,21297,11127,1,178,178,candidate_contains_planted_raw_witness
20260607,multi_fine_q100_40,multi_fine,100,100,20,True,0,28936,15628,1,169,169,candidate_contains_planted_raw_witness
20260607,multi_fine_q100_41,multi_fine,100,100,20,True,0,19478,10459,1,378,378,candidate_contains_planted_raw_witness
20260607,multi_fine_q100_42,multi_fine,100,100,20,True,0,18630,11946,1,172,172,candidate_contains_planted_raw_witness
20260607,multi_fine_q100_43,multi_fine,100,100,20,True,0,23726,15275,1,232,232,candidate_contains_planted_raw_witness
20260607,multi_fine_q100_44,multi_fine,100,100,20,True,0,61489,40542,1,616,616,candidate_contains_planted_raw_witness
20260607,multi_fine_q100_45,multi_fine,100,100,20,True,0,24038,13699,1,223,223,candidate_contains_planted_raw_witness
20260607,multi_fine_q100_46,multi_fine,100,100,20,True,0,23423,11517,1,162,162,candidate_contains_planted_raw_witness
20260607,multi_fine_q100_47,multi_fine,100,100,20,True,0,23444,13587,1,182,182,candidate_contains_planted_raw_witness
20260607,multi_fine_q100_48,multi_fine,100,100,20,True,0,24310,14641,1,196,196,candidate_contains_planted_raw_witness
20260607,multi_fine_q100_49,multi_fine,100,100,20,True,0,24593,12887,1,255,255,candidate_contains_planted_raw_witness
20260607,multi_fine_q100_5,multi_fine,100,100,50,True,0,49579,24391,1,141,141,candidate_contains_planted_raw_witness
20260607,multi_fine_q100_6,multi_fine,100,100,20,True,0,20969,12114,1,180,180,candidate_contains_planted_raw_witness
20260607,multi_fine_q100_7,multi_fine,100,99,20,True,0,19341,7716,1,124,124,candidate_contains_planted_raw_witness
20260607,multi_fine_q100_8,multi_fine,100,100,20,True,0,20303,13298,1,176,176,candidate_contains_planted_raw_witness
20260607,multi_fine_q100_9,multi_fine,100,100,20,True,0,24569,14804,1,359,359,candidate_contains_planted_raw_witness
20260607,multi_fine_q20_0,multi_fine,20,20,20,True,0,10446,2338,1,22,22,candidate_contains_planted_raw_witness
20260607,multi_fine_q20_1,multi_fine,20,20,20,True,0,7112,45,1,20,20,candidate_contains_planted_raw_witness
20260607,multi_fine_q20_10,multi_fine,20,20,200,True,0,225832,126310,1,22,22,candidate_contains_planted_raw_witness
20260607,multi_fine_q20_11,multi_fine,20,20,20,True,0,7589,28,1,20,20,candidate_contains_planted_raw_witness
20260607,multi_fine_q20_12,multi_fine,20,20,20,True,0,3359,33,1,20,20,candidate_contains_planted_raw_witness
20260607,multi_fine_q20_13,multi_fine,20,20,100,True,0,5801,1318,1,21,21,candidate_contains_planted_raw_witness
20260607,multi_fine_q20_14,multi_fine,20,20,20,True,0,19335,8976,1,144,144,candidate_contains_planted_raw_witness
20260607,multi_fine_q20_15,multi_fine,20,20,20,True,0,15107,6675,1,26,26,candidate_contains_planted_raw_witness
20260607,multi_fine_q20_16,multi_fine,20,20,20,True,0,31379,20962,1,373,373,candidate_contains_planted_raw_witness
20260607,multi_fine_q20_17,multi_fine,20,20,20,True,0,4860,55,1,20,20,candidate_contains_planted_raw_witness
20260607,multi_fine_q20_18,multi_fine,20,20,20,True,0,13634,1031,1,22,22,candidate_contains_planted_raw_witness
20260607,multi_fine_q20_19,multi_fine,20,20,100,True,0,83550,48440,1,30,30,candidate_contains_planted_raw_witness
20260607,multi_fine_q20_2,multi_fine,20,20,20,True,0,14119,4147,1,29,29,candidate_contains_planted_raw_witness
20260607,multi_fine_q20_20,multi_fine,20,20,50,True,0,50023,27042,1,649,649,candidate_contains_planted_raw_witness
20260607,multi_fine_q20_21,multi_fine,20,20,20,True,0,8937,3848,1,32,32,candidate_contains_planted_raw_witness
20260607,multi_fine_q20_22,multi_fine,20,20,20,True,0,21142,8682,1,61,61,candidate_contains_planted_raw_witness
20260607,multi_fine_q20_23,multi_fine,20,20,20,True,0,8476,748,1,21,21,candidate_contains_planted_raw_witness
20260607,multi_fine_q20_24,multi_fine,20,20,20,True,0,21103,10015,1,85,85,candidate_contains_planted_raw_witness
20260607,multi_fine_q20_25,multi_fine,20,20,20,True,0,17442,3855,1,24,24,candidate_contains_planted_raw_witness
20260607,multi_fine_q20_26,multi_fine,20,20,20,True,0,16175,6464,1,207,207,candidate_contains_planted_raw_witness
20260607,multi_fine_q20_27,multi_fine,20,20,200,True,0,84930,38126,1,39,39,candidate_contains_planted_raw_witness
20260607,multi_fine_q20_28,multi_fine,20,20,20,True,0,19805,10084,1,57,57,candidate_contains_planted_raw_witness
20260607,multi_fine_q20_29,multi_fine,20,20,20,True,0,6311,314,1,21,21,candidate_contains_planted_raw_witness
20260607,multi_fine_q20_3,multi_fine,20,20,20,True,0,12065,2858,1,28,28,candidate_contains_planted_raw_witness
20260607,multi_fine_q20_30,multi_fine,20,20,20,True,0,19819,11690,1,33,33,candidate_contains_planted_raw_witness
20260607,multi_fine_q20_31,multi_fine,20,20,20,True,0,12694,140,1,21,21,candidate_contains_planted_raw_witness
20260607,multi_fine_q20_32,multi_fine,20,20,20,True,0,5303,2438,1,24,24,candidate_contains_planted_raw_witness
20260607,multi_fine_q20_33,multi_fine,20,20,20,True,0,15408,6438,1,26,26,candidate_contains_planted_raw_witness
20260607,multi_fine_q20_34,multi_fine,20,20,20,True,0,10966,3680,1,48,48,candidate_contains_planted_raw_witness
20260607,multi_fine_q20_35,multi_fine,20,20,20,True,0,23686,10173,1,87,87,candidate_contains_planted_raw_witness
20260607,multi_fine_q20_36,multi_fine,20,20,20,True,0,7832,4993,1,163,163,candidate_contains_planted_raw_witness
20260607,multi_fine_q20_37,multi_fine,20,20,20,True,0,18961,5567,1,27,27,candidate_contains_planted_raw_witness
20260607,multi_fine_q20_38,multi_fine,20,20,20,True,0,17197,8921,1,27,27,candidate_contains_planted_raw_witness
20260607,multi_fine_q20_39,multi_fine,20,20,500,True,0,534644,379121,1,1097,1097,candidate_contains_planted_raw_witness
20260607,multi_fine_q20_4,multi_fine,20,20,20,True,0,9396,483,1,22,22,candidate_contains_planted_raw_witness
20260607,multi_fine_q20_40,multi_fine,20,20,20,True,0,16582,5284,1,28,28,candidate_contains_planted_raw_witness
20260607,multi_fine_q20_41,multi_fine,20,20,100,True,0,31319,188,1,20,20,candidate_contains_planted_raw_witness
20260607,multi_fine_q20_42,multi_fine,20,20,20,True,0,1830,25,1,20,20,candidate_contains_planted_raw_witness
20260607,multi_fine_q20_43,multi_fine,20,20,20,True,0,27401,9066,1,92,92,candidate_contains_planted_raw_witness
20260607,multi_fine_q20_44,multi_fine,20,20,20,True,0,19138,7046,1,28,28,candidate_contains_planted_raw_witness
20260607,multi_fine_q20_45,multi_fine,20,20,20,True,0,11786,5239,1,31,31,candidate_contains_planted_raw_witness
20260607,multi_fine_q20_46,multi_fine,20,20,20,True,0,52353,23037,1,114,114,candidate_contains_planted_raw_witness
20260607,multi_fine_q20_47,multi_fine,20,20,20,True,0,11167,717,1,25,25,candidate_contains_planted_raw_witness
20260607,multi_fine_q20_48,multi_fine,20,20,20,True,0,13718,5399,1,26,26,candidate_contains_planted_raw_witness
20260607,multi_fine_q20_49,multi_fine,20,20,50,True,0,34288,1315,1,23,23,candidate_contains_planted_raw_witness
20260607,multi_fine_q20_5,multi_fine,20,20,200,True,0,202083,102843,1,95,95,candidate_contains_planted_raw_witness
20260607,multi_fine_q20_6,multi_fine,20,20,20,True,0,15532,8703,1,22,22,candidate_contains_planted_raw_witness
20260607,multi_fine_q20_7,multi_fine,20,20,100,True,0,88317,30721,1,28,28,candidate_contains_planted_raw_witness
20260607,multi_fine_q20_8,multi_fine,20,20,20,True,0,13526,6853,1,30,30,candidate_contains_planted_raw_witness
20260607,multi_fine_q20_9,multi_fine,20,20,20,True,0,14199,1857,1,25,25,candidate_contains_planted_raw_witness
20260607,multi_fine_q50_0,multi_fine,50,50,20,True,0,13929,2532,1,60,60,candidate_contains_planted_raw_witness
20260607,multi_fine_q50_1,multi_fine,50,50,20,True,0,63147,34003,1,2596,2596,candidate_contains_planted_raw_witness
20260607,multi_fine_q50_10,multi_fine,50,50,20,True,0,14619,2548,1,60,60,candidate_contains_planted_raw_witness
20260607,multi_fine_q50_11,multi_fine,50,50,200,True,0,171842,127144,1,79,79,candidate_contains_planted_raw_witness
20260607,multi_fine_q50_12,multi_fine,50,50,100,True,0,89007,42129,1,57,57,candidate_contains_planted_raw_witness
20260607,multi_fine_q50_13,multi_fine,50,50,20,True,0,10297,2127,1,61,61,candidate_contains_planted_raw_witness
20260607,multi_fine_q50_14,multi_fine,50,49,100,True,0,90744,61771,1,87,87,candidate_contains_planted_raw_witness
20260607,multi_fine_q50_15,multi_fine,50,50,20,True,0,13255,3651,1,63,63,candidate_contains_planted_raw_witness
20260607,multi_fine_q50_16,multi_fine,50,50,20,True,0,21625,8079,1,80,80,candidate_contains_planted_raw_witness
20260607,multi_fine_q50_17,multi_fine,50,50,20,True,0,20227,10924,1,73,73,candidate_contains_planted_raw_witness
20260607,multi_fine_q50_18,multi_fine,50,50,20,True,0,10223,4248,1,64,64,candidate_contains_planted_raw_witness
20260607,multi_fine_q50_19,multi_fine,50,50,20,True,0,20983,8703,1,73,73,candidate_contains_planted_raw_witness
20260607,multi_fine_q50_2,multi_fine,50,50,20,True,0,20468,7574,1,77,77,candidate_contains_planted_raw_witness
20260607,multi_fine_q50_20,multi_fine,50,50,20,True,0,24678,8442,1,268,268,candidate_contains_planted_raw_witness
20260607,multi_fine_q50_21,multi_fine,50,50,50,True,0,48928,31731,1,74,74,candidate_contains_planted_raw_witness
20260607,multi_fine_q50_22,multi_fine,50,50,20,True,0,25674,20099,1,216,216,candidate_contains_planted_raw_witness
20260607,multi_fine_q50_23,multi_fine,50,50,100,True,0,89564,46993,1,108,108,candidate_contains_planted_raw_witness
20260607,multi_fine_q50_24,multi_fine,50,50,20,True,0,17094,9609,1,80,80,candidate_contains_planted_raw_witness
20260607,multi_fine_q50_25,multi_fine,50,50,50,True,0,50708,28683,1,353,353,candidate_contains_planted_raw_witness
20260607,multi_fine_q50_26,multi_fine,50,50,20,True,0,22098,12494,1,84,84,candidate_contains_planted_raw_witness
20260607,multi_fine_q50_27,multi_fine,50,50,20,True,0,23513,12839,1,107,107,candidate_contains_planted_raw_witness
20260607,multi_fine_q50_28,multi_fine,50,50,20,True,0,21117,12176,1,153,153,candidate_contains_planted_raw_witness
20260607,multi_fine_q50_29,multi_fine,50,50,20,True,0,11570,4338,1,64,64,candidate_contains_planted_raw_witness
20260607,multi_fine_q50_3,multi_fine,50,50,20,True,0,15789,7777,1,79,79,candidate_contains_planted_raw_witness
20260607,multi_fine_q50_30,multi_fine,50,50,20,True,0,14614,3050,1,60,60,candidate_contains_planted_raw_witness
20260607,multi_fine_q50_31,multi_fine,50,50,20,True,0,18649,3157,1,66,66,candidate_contains_planted_raw_witness
20260607,multi_fine_q50_32,multi_fine,50,50,500,True,0,402883,305122,1,93,93,candidate_contains_planted_raw_witness
20260607,multi_fine_q50_33,multi_fine,50,50,20,True,0,15622,9959,1,86,86,candidate_contains_planted_raw_witness
20260607,multi_fine_q50_34,multi_fine,50,50,20,True,0,8981,2132,1,64,64,candidate_contains_planted_raw_witness
20260607,multi_fine_q50_35,multi_fine,50,50,500,True,0,376273,316184,1,169,169,candidate_contains_planted_raw_witness
20260607,multi_fine_q50_36,multi_fine,50,50,20,True,0,15818,2480,1,58,58,candidate_contains_planted_raw_witness
20260607,multi_fine_q50_37,multi_fine,50,50,20,True,0,15125,3754,1,75,75,candidate_contains_planted_raw_witness
20260607,multi_fine_q50_38,multi_fine,50,50,20,True,0,19413,11314,1,78,78,candidate_contains_planted_raw_witness
20260607,multi_fine_q50_39,multi_fine,50,50,20,True,0,29552,12788,1,396,396,candidate_contains_planted_raw_witness
20260607,multi_fine_q50_4,multi_fine,50,50,20,True,0,23078,11992,1,70,70,candidate_contains_planted_raw_witness
20260607,multi_fine_q50_40,multi_fine,50,50,20,True,0,25058,11884,1,185,185,candidate_contains_planted_raw_witness
20260607,multi_fine_q50_41,multi_fine,50,50,20,True,0,19636,10292,1,72,72,candidate_contains_planted_raw_witness
20260607,multi_fine_q50_42,multi_fine,50,50,20,True,0,14133,4910,1,147,147,candidate_contains_planted_raw_witness
20260607,multi_fine_q50_43,multi_fine,50,50,20,True,0,24397,17828,1,230,230,candidate_contains_planted_raw_witness
20260607,multi_fine_q50_44,multi_fine,50,50,20,True,0,34243,24238,1,111,111,candidate_contains_planted_raw_witness
20260607,multi_fine_q50_45,multi_fine,50,50,20,True,0,13698,5035,1,75,75,candidate_contains_planted_raw_witness
20260607,multi_fine_q50_46,multi_fine,50,50,20,True,0,15103,2316,1,68,68,candidate_contains_planted_raw_witness
20260607,multi_fine_q50_47,multi_fine,50,50,20,True,0,17309,1575,1,52,52,candidate_contains_planted_raw_witness
20260607,multi_fine_q50_48,multi_fine,50,50,20,True,0,20801,9279,1,90,90,candidate_contains_planted_raw_witness
20260607,multi_fine_q50_49,multi_fine,50,50,50,True,0,38318,13439,1,57,57,candidate_contains_planted_raw_witness
20260607,multi_fine_q50_5,multi_fine,50,50,20,True,0,56114,34724,1,606,606,candidate_contains_planted_raw_witness
20260607,multi_fine_q50_6,multi_fine,50,48,50,True,0,50090,27759,1,70,70,candidate_contains_planted_raw_witness
20260607,multi_fine_q50_7,multi_fine,50,50,100,True,0,83218,49999,1,81,81,candidate_contains_planted_raw_witness
20260607,multi_fine_q50_8,multi_fine,50,50,20,True,0,12710,3256,1,59,59,candidate_contains_planted_raw_witness
20260607,multi_fine_q50_9,multi_fine,50,50,20,True,0,14167,1011,1,55,55,candidate_contains_planted_raw_witness
20260607,random_walk_q100_1,random_walk,100,100,1000,True,0,771883,390453,1,456,456,candidate_contains_planted_raw_witness
20260607,random_walk_q100_11,random_walk,100,100,1000,False,1,785602,515111,1,3331,3331,returned_mapping_raw_guard_rerun
20260607,random_walk_q100_13,random_walk,100,100,1000,True,0,800333,492943,1,551,551,candidate_contains_planted_raw_witness
20260607,random_walk_q100_15,random_walk,100,100,1000,False,2,762086,460929,1,794,794,returned_mapping_raw_guard_rerun
20260607,random_walk_q100_25,random_walk,100,100,50,True,0,74937,17120,1,368,368,candidate_contains_planted_raw_witness
20260607,random_walk_q100_31,random_walk,100,100,1000,False,1,709034,383132,1,829,829,returned_mapping_raw_guard_rerun
20260607,random_walk_q100_32,random_walk,100,100,1000,True,0,340812,32059,1,127,127,candidate_contains_planted_raw_witness
20260607,random_walk_q100_33,random_walk,100,100,1000,True,0,726935,451337,1,1807,1807,candidate_contains_planted_raw_witness
20260607,random_walk_q100_36,random_walk,100,100,1000,False,1,736567,513821,1,9037,9037,returned_mapping_raw_guard_rerun
20260607,random_walk_q100_39,random_walk,100,100,200,True,0,218713,25243,1,1479,1479,candidate_contains_planted_raw_witness
20260607,random_walk_q100_40,random_walk,100,100,1000,True,0,475564,210468,1,139,139,candidate_contains_planted_raw_witness
20260607,random_walk_q100_44,random_walk,100,100,1000,True,0,785712,424016,1,840,840,candidate_contains_planted_raw_witness
20260607,random_walk_q100_45,random_walk,100,100,500,True,0,332817,97725,1,1185,1185,candidate_contains_planted_raw_witness
20260607,random_walk_q100_47,random_walk,100,100,1000,True,0,461432,148653,1,135,135,candidate_contains_planted_raw_witness
20260607,random_walk_q100_48,random_walk,100,100,200,True,0,234543,8813,1,472,472,candidate_contains_planted_raw_witness
20260607,random_walk_q100_49,random_walk,100,100,1000,True,0,408067,210646,1,1446,1446,candidate_contains_planted_raw_witness
20260607,random_walk_q100_5,random_walk,100,100,1000,True,0,510523,197528,1,385,385,candidate_contains_planted_raw_witness
20260607,random_walk_q100_6,random_walk,100,100,500,True,0,363609,197452,1,198,198,candidate_contains_planted_raw_witness
20260607,random_walk_q20_0,random_walk,20,20,200,False,1,139064,59584,1,42,42,returned_mapping_raw_guard_rerun
20260607,random_walk_q20_1,random_walk,20,20,20,True,0,3443,46,1,20,20,candidate_contains_planted_raw_witness
20260607,random_walk_q20_10,random_walk,20,20,500,True,0,358381,182854,1,217,217,candidate_contains_planted_raw_witness
20260607,random_walk_q20_11,random_walk,20,20,1000,True,0,621954,277077,1,32,32,candidate_contains_planted_raw_witness
20260607,random_walk_q20_12,random_walk,20,20,1000,False,1,740404,454362,1,318,318,returned_mapping_raw_guard_rerun
20260607,random_walk_q20_13,random_walk,20,20,1000,True,0,569317,248685,1,31,31,candidate_contains_planted_raw_witness
20260607,random_walk_q20_14,random_walk,20,20,1000,True,0,328326,269207,1,30,30,candidate_contains_planted_raw_witness
20260607,random_walk_q20_15,random_walk,20,20,1000,True,0,611508,337813,1,481,481,candidate_contains_planted_raw_witness
20260607,random_walk_q20_16,random_walk,20,20,200,False,1,318641,167683,1,705,705,returned_mapping_raw_guard_rerun
20260607,random_walk_q20_17,random_walk,20,20,20,True,0,2959,23,1,21,21,candidate_contains_planted_raw_witness
20260607,random_walk_q20_18,random_walk,20,20,500,True,0,376638,183309,1,790,790,candidate_contains_planted_raw_witness
20260607,random_walk_q20_19,random_walk,20,20,500,True,0,280280,197347,1,23,23,candidate_contains_planted_raw_witness
20260607,random_walk_q20_2,random_walk,20,20,500,False,1,327061,161154,1,97,97,returned_mapping_raw_guard_rerun
20260607,random_walk_q20_20,random_walk,20,20,1000,True,0,354096,260741,1,320,320,candidate_contains_planted_raw_witness
20260607,random_walk_q20_21,random_walk,20,20,500,True,0,40640,7057,1,24,24,candidate_contains_planted_raw_witness
20260607,random_walk_q20_22,random_walk,20,20,50,True,0,43289,11432,1,286,286,candidate_contains_planted_raw_witness
20260607,random_walk_q20_23,random_walk,20,20,500,True,0,377399,151502,1,31,31,candidate_contains_planted_raw_witness
20260607,random_walk_q20_24,random_walk,20,20,200,True,0,77286,10552,1,24,24,candidate_contains_planted_raw_witness
20260607,random_walk_q20_25,random_walk,20,20,500,True,0,410504,269311,1,852,852,candidate_contains_planted_raw_witness
20260607,random_walk_q20_26,random_walk,20,20,500,True,0,189411,57333,1,29,29,candidate_contains_planted_raw_witness
20260607,random_walk_q20_27,random_walk,20,20,1000,True,0,698230,305645,1,388,388,candidate_contains_planted_raw_witness
20260607,random_walk_q20_28,random_walk,20,20,500,True,0,243893,114649,1,25,25,candidate_contains_planted_raw_witness
20260607,random_walk_q20_29,random_walk,20,20,1000,True,0,433065,200638,1,29,29,candidate_contains_planted_raw_witness
20260607,random_walk_q20_3,random_walk,20,20,50,True,0,20141,8353,1,26,26,candidate_contains_planted_raw_witness
20260607,random_walk_q20_30,random_walk,20,20,500,True,0,478722,243781,1,86,86,candidate_contains_planted_raw_witness
20260607,random_walk_q20_32,random_walk,20,20,200,True,0,38595,1613,1,23,23,candidate_contains_planted_raw_witness
20260607,random_walk_q20_34,random_walk,20,20,500,True,0,166572,138458,1,58,58,candidate_contains_planted_raw_witness
20260607,random_walk_q20_35,random_walk,20,20,1000,True,0,755577,326264,1,1037,1037,candidate_contains_planted_raw_witness
20260607,random_walk_q20_36,random_walk,20,20,500,False,1,364525,217002,1,672,672,returned_mapping_raw_guard_rerun
20260607,random_walk_q20_37,random_walk,20,20,20,True,0,4695,2195,1,26,26,candidate_contains_planted_raw_witness
20260607,random_walk_q20_38,random_walk,20,20,100,True,0,35670,717,1,20,20,candidate_contains_planted_raw_witness
20260607,random_walk_q20_39,random_walk,20,20,100,True,0,4499,20,1,20,20,candidate_contains_planted_raw_witness
20260607,random_walk_q20_4,random_walk,20,20,500,True,0,218200,51481,1,79,79,candidate_contains_planted_raw_witness
20260607,random_walk_q20_40,random_walk,20,20,20,True,0,34846,14518,1,821,821,candidate_contains_planted_raw_witness
20260607,random_walk_q20_41,random_walk,20,20,500,True,0,227362,121761,1,22,22,candidate_contains_planted_raw_witness
20260607,random_walk_q20_42,random_walk,20,20,500,True,0,521462,278572,1,1227,1227,candidate_contains_planted_raw_witness
20260607,random_walk_q20_43,random_walk,20,20,20,True,0,10928,2383,1,59,59,candidate_contains_planted_raw_witness
20260607,random_walk_q20_44,random_walk,20,20,20,True,0,6227,86,1,20,20,candidate_contains_planted_raw_witness
20260607,random_walk_q20_45,random_walk,20,20,500,True,0,160745,20026,1,21,21,candidate_contains_planted_raw_witness
20260607,random_walk_q20_46,random_walk,20,20,500,False,3,370282,185532,1,110,110,returned_mapping_raw_guard_rerun
20260607,random_walk_q20_47,random_walk,20,20,200,True,0,128767,3855,1,23,23,candidate_contains_planted_raw_witness
20260607,random_walk_q20_48,random_walk,20,20,1000,True,0,202030,115193,1,55,55,candidate_contains_planted_raw_witness
20260607,random_walk_q20_49,random_walk,20,20,50,True,0,20933,6321,1,22,22,candidate_contains_planted_raw_witness
20260607,random_walk_q20_5,random_walk,20,20,100,True,0,112902,1891,1,90,90,candidate_contains_planted_raw_witness
20260607,random_walk_q20_6,random_walk,20,20,500,True,0,234055,3511,1,21,21,candidate_contains_planted_raw_witness
20260607,random_walk_q20_7,random_walk,20,20,500,True,0,254799,65332,1,24,24,candidate_contains_planted_raw_witness
20260607,random_walk_q20_8,random_walk,20,20,50,True,0,32684,2162,1,21,21,candidate_contains_planted_raw_witness
20260607,random_walk_q20_9,random_walk,20,20,20,False,1,17561,6367,1,121,121,returned_mapping_raw_guard_rerun
20260607,random_walk_q50_0,random_walk,50,50,500,False,1,426671,179276,1,130,130,returned_mapping_raw_guard_rerun
20260607,random_walk_q50_1,random_walk,50,50,500,True,0,453314,289844,1,1498,1498,candidate_contains_planted_raw_witness
20260607,random_walk_q50_11,random_walk,50,50,1000,True,0,783070,431908,1,1244,1244,candidate_contains_planted_raw_witness
20260607,random_walk_q50_12,random_walk,50,50,1000,True,0,673649,330359,1,567,567,candidate_contains_planted_raw_witness
20260607,random_walk_q50_13,random_walk,50,50,1000,True,0,622475,424906,1,5733,5733,candidate_contains_planted_raw_witness
20260607,random_walk_q50_14,random_walk,50,50,200,True,0,34887,229,1,50,50,candidate_contains_planted_raw_witness
20260607,random_walk_q50_15,random_walk,50,50,500,True,0,328954,149146,1,68,68,candidate_contains_planted_raw_witness
20260607,random_walk_q50_16,random_walk,50,50,1000,True,0,704097,370376,1,97,97,candidate_contains_planted_raw_witness
20260607,random_walk_q50_19,random_walk,50,50,20,False,2,56206,16369,1,463,463,returned_mapping_raw_guard_rerun
20260607,random_walk_q50_2,random_walk,50,50,500,True,0,415809,178119,1,527,527,candidate_contains_planted_raw_witness
20260607,random_walk_q50_20,random_walk,50,50,1000,True,0,634088,393436,1,3581,3581,candidate_contains_planted_raw_witness
20260607,random_walk_q50_22,random_walk,50,50,1000,True,0,740873,377133,1,66,66,candidate_contains_planted_raw_witness
20260607,random_walk_q50_23,random_walk,50,50,50,True,0,68553,3821,1,1341,1341,candidate_contains_planted_raw_witness
20260607,random_walk_q50_25,random_walk,50,50,1000,True,0,667436,373243,1,662,662,candidate_contains_planted_raw_witness
20260607,random_walk_q50_26,random_walk,50,50,1000,False,2,358520,2449,1,108,108,returned_mapping_raw_guard_rerun
20260607,random_walk_q50_27,random_walk,50,50,1000,True,0,333862,86423,1,55,55,candidate_contains_planted_raw_witness
20260607,random_walk_q50_28,random_walk,50,50,1000,True,0,462375,193084,1,370,370,candidate_contains_planted_raw_witness
20260607,random_walk_q50_29,random_walk,50,50,1000,True,0,732310,496002,1,917,917,candidate_contains_planted_raw_witness
20260607,random_walk_q50_3,random_walk,50,50,500,True,0,114704,60768,1,59,59,candidate_contains_planted_raw_witness
20260607,random_walk_q50_30,random_walk,50,50,1000,True,0,585035,124116,1,318,318,candidate_contains_planted_raw_witness
20260607,random_walk_q50_32,random_walk,50,50,200,True,0,108489,27455,1,61,61,candidate_contains_planted_raw_witness
20260607,random_walk_q50_33,random_walk,50,50,1000,False,1,716939,487597,1,456,456,returned_mapping_raw_guard_rerun
20260607,random_walk_q50_34,random_walk,50,50,500,False,2,555494,253474,1,735,735,returned_mapping_raw_guard_rerun
20260607,random_walk_q50_35,random_walk,50,50,1000,True,0,769192,465281,1,983,983,candidate_contains_planted_raw_witness
20260607,random_walk_q50_36,random_walk,50,50,500,False,1,581104,264510,1,329,329,returned_mapping_raw_guard_rerun
20260607,random_walk_q50_37,random_walk,50,50,1000,True,0,347476,8289,1,55,55,candidate_contains_planted_raw_witness
20260607,random_walk_q50_38,random_walk,50,50,1000,True,0,628665,441950,1,2845,2845,candidate_contains_planted_raw_witness
20260607,random_walk_q50_39,random_walk,50,50,1000,True,0,592786,313067,1,63,63,candidate_contains_planted_raw_witness
20260607,random_walk_q50_41,random_walk,50,50,1000,True,0,370228,87274,1,61,61,candidate_contains_planted_raw_witness
20260607,random_walk_q50_42,random_walk,50,50,500,True,0,212001,19197,1,57,57,candidate_contains_planted_raw_witness
20260607,random_walk_q50_45,random_walk,50,50,1000,True,0,639067,355850,1,107,107,candidate_contains_planted_raw_witness
20260607,random_walk_q50_47,random_walk,50,50,500,False,1,382274,209395,1,229,229,returned_mapping_raw_guard_rerun
20260607,random_walk_q50_49,random_walk,50,50,500,True,0,177059,136653,1,360,360,candidate_contains_planted_raw_witness
20260607,random_walk_q50_5,random_walk,50,50,1000,True,0,643875,425155,1,875,875,candidate_contains_planted_raw_witness
20260607,random_walk_q50_8,random_walk,50,50,200,True,0,216103,10274,1,412,412,candidate_contains_planted_raw_witness
20260607,random_walk_q50_9,random_walk,50,50,500,True,0,328775,12253,1,205,205,candidate_contains_planted_raw_witness
20260607,single_q100_0,single,100,100,50,True,0,65601,39548,1,143,143,candidate_contains_planted_raw_witness
20260607,single_q100_1,single,100,100,500,True,0,649619,539574,1,591,591,candidate_contains_planted_raw_witness
20260607,single_q100_10,single,100,100,20,True,0,21922,8278,1,158,158,candidate_contains_planted_raw_witness
20260607,single_q100_11,single,100,100,20,True,0,23856,7681,1,193,193,candidate_contains_planted_raw_witness
20260607,single_q100_12,single,100,100,20,True,0,23398,10805,1,170,170,candidate_contains_planted_raw_witness
20260607,single_q100_13,single,100,100,20,True,0,22932,11537,1,147,147,candidate_contains_planted_raw_witness
20260607,single_q100_14,single,100,100,50,True,0,75674,57460,1,981,981,candidate_contains_planted_raw_witness
20260607,single_q100_15,single,100,100,20,True,0,22680,12254,1,188,188,candidate_contains_planted_raw_witness
20260607,single_q100_16,single,100,100,200,True,0,181017,132222,1,158,158,candidate_contains_planted_raw_witness
20260607,single_q100_17,single,100,100,20,True,0,14781,4360,1,125,125,candidate_contains_planted_raw_witness
20260607,single_q100_18,single,100,100,20,True,0,10557,784,1,118,118,candidate_contains_planted_raw_witness
20260607,single_q100_19,single,100,100,20,True,0,32020,7196,1,102,102,candidate_contains_planted_raw_witness
20260607,single_q100_2,single,100,100,50,True,0,50222,29805,1,249,249,candidate_contains_planted_raw_witness
20260607,single_q100_20,single,100,100,20,True,0,15099,8122,1,136,136,candidate_contains_planted_raw_witness
20260607,single_q100_21,single,100,100,20,True,0,38705,19614,1,1196,1196,candidate_contains_planted_raw_witness
20260607,single_q100_22,single,100,100,20,True,0,19338,10103,1,154,154,candidate_contains_planted_raw_witness
20260607,single_q100_23,single,100,100,20,True,0,4046,102,1,100,100,candidate_contains_planted_raw_witness
20260607,single_q100_24,single,100,100,20,True,0,22555,13231,1,237,237,candidate_contains_planted_raw_witness
20260607,single_q100_25,single,100,100,200,True,0,442615,350633,1,1094,1094,candidate_contains_planted_raw_witness
20260607,single_q100_26,single,100,100,200,True,0,189534,114743,1,182,182,candidate_contains_planted_raw_witness
20260607,single_q100_27,single,100,100,20,True,0,27815,17269,1,152,152,candidate_contains_planted_raw_witness
20260607,single_q100_28,single,100,100,20,True,0,23633,12579,1,239,239,candidate_contains_planted_raw_witness
20260607,single_q100_29,single,100,100,20,True,0,39896,23426,1,213,213,candidate_contains_planted_raw_witness
20260607,single_q100_3,single,100,100,50,True,0,51986,33332,1,132,132,candidate_contains_planted_raw_witness
20260607,single_q100_30,single,100,100,20,True,0,20359,8999,1,179,179,candidate_contains_planted_raw_witness
20260607,single_q100_31,single,100,100,50,True,0,47877,23909,1,137,137,candidate_contains_planted_raw_witness
20260607,single_q100_32,single,100,100,200,True,0,217508,176682,1,376,376,candidate_contains_planted_raw_witness
20260607,single_q100_33,single,100,100,500,True,0,376194,212422,1,697,697,candidate_contains_planted_raw_witness
20260607,single_q100_34,single,100,100,20,True,0,17544,8275,1,196,196,candidate_contains_planted_raw_witness
20260607,single_q100_35,single,100,100,20,True,0,16236,3951,1,123,123,candidate_contains_planted_raw_witness
20260607,single_q100_36,single,100,100,20,True,0,4386,2045,1,104,104,candidate_contains_planted_raw_witness
20260607,single_q100_37,single,100,100,20,True,0,12921,4520,1,184,184,candidate_contains_planted_raw_witness
20260607,single_q100_38,single,100,100,20,True,0,20435,9336,1,224,224,candidate_contains_planted_raw_witness
20260607,single_q100_39,single,100,100,20,True,0,19024,7347,1,121,121,candidate_contains_planted_raw_witness
20260607,single_q100_4,single,100,100,20,True,0,18585,9794,1,175,175,candidate_contains_planted_raw_witness
20260607,single_q100_40,single,100,100,20,True,0,28376,16998,1,125,125,candidate_contains_planted_raw_witness
20260607,single_q100_41,single,100,100,20,True,0,22546,12509,1,252,252,candidate_contains_planted_raw_witness
20260607,single_q100_42,single,100,100,20,True,0,13701,6042,1,135,135,candidate_contains_planted_raw_witness
20260607,single_q100_43,single,100,100,20,True,0,19538,9443,1,185,185,candidate_contains_planted_raw_witness
20260607,single_q100_44,single,100,100,100,True,0,101915,77990,1,159,159,candidate_contains_planted_raw_witness
20260607,single_q100_45,single,100,100,20,True,0,19309,6608,1,141,141,candidate_contains_planted_raw_witness
20260607,single_q100_46,single,100,100,1000,True,0,816902,594418,1,1195,1195,candidate_contains_planted_raw_witness
20260607,single_q100_47,single,100,100,20,True,0,12946,1182,1,147,147,candidate_contains_planted_raw_witness
20260607,single_q100_48,single,100,100,50,True,0,49972,30395,1,170,170,candidate_contains_planted_raw_witness
20260607,single_q100_49,single,100,100,50,True,0,51459,30523,1,191,191,candidate_contains_planted_raw_witness
20260607,single_q100_5,single,100,100,20,True,0,21231,12431,1,237,237,candidate_contains_planted_raw_witness
20260607,single_q100_6,single,100,100,20,True,0,71435,46692,1,1294,1294,candidate_contains_planted_raw_witness
20260607,single_q100_7,single,100,100,20,True,0,14258,4141,1,114,114,candidate_contains_planted_raw_witness
20260607,single_q100_8,single,100,100,20,True,0,18418,940,1,116,116,candidate_contains_planted_raw_witness
20260607,single_q100_9,single,100,100,20,True,0,25104,17539,1,193,193,candidate_contains_planted_raw_witness
20260607,single_q20_0,single,20,20,20,True,0,19089,8607,1,107,107,candidate_contains_planted_raw_witness
20260607,single_q20_1,single,20,20,50,True,0,28262,6215,1,29,29,candidate_contains_planted_raw_witness
20260607,single_q20_10,single,20,20,20,True,0,15269,5264,1,20,20,candidate_contains_planted_raw_witness
20260607,single_q20_11,single,20,20,20,True,0,16073,10416,1,29,29,candidate_contains_planted_raw_witness
20260607,single_q20_12,single,20,20,20,True,0,7499,526,1,20,20,candidate_contains_planted_raw_witness
20260607,single_q20_13,single,20,20,20,True,0,14719,1187,1,24,24,candidate_contains_planted_raw_witness
20260607,single_q20_14,single,20,20,20,True,0,2399,36,1,20,20,candidate_contains_planted_raw_witness
20260607,single_q20_15,single,20,20,500,True,0,194639,92772,1,21,21,candidate_contains_planted_raw_witness
20260607,single_q20_16,single,20,20,20,True,0,12092,3831,1,21,21,candidate_contains_planted_raw_witness
20260607,single_q20_17,single,20,20,20,True,0,5908,72,1,20,20,candidate_contains_planted_raw_witness
20260607,single_q20_18,single,20,20,20,True,0,17858,9869,1,27,27,candidate_contains_planted_raw_witness
20260607,single_q20_19,single,20,20,100,True,0,32954,2610,1,22,22,candidate_contains_planted_raw_witness
20260607,single_q20_2,single,20,20,20,True,0,13505,5035,1,21,21,candidate_contains_planted_raw_witness
20260607,single_q20_20,single,20,20,500,True,0,348718,225114,1,24,24,candidate_contains_planted_raw_witness
20260607,single_q20_21,single,20,20,20,True,0,18523,9824,1,184,184,candidate_contains_planted_raw_witness
20260607,single_q20_22,single,20,20,100,True,0,97624,64593,1,49,49,candidate_contains_planted_raw_witness
20260607,single_q20_23,single,20,20,500,False,17,407835,296793,1,38,38,returned_mapping_raw_guard_rerun
20260607,single_q20_24,single,20,20,20,True,0,18750,7610,1,29,29,candidate_contains_planted_raw_witness
20260607,single_q20_25,single,20,20,1000,True,0,626525,348124,2,247,32,candidate_contains_planted_raw_witness
20260607,single_q20_26,single,20,20,20,True,0,11277,5361,1,22,22,candidate_contains_planted_raw_witness
20260607,single_q20_27,single,20,20,20,True,0,16379,5489,1,26,26,candidate_contains_planted_raw_witness
20260607,single_q20_28,single,20,20,200,False,19,167152,89411,1,133,133,returned_mapping_raw_guard_rerun
20260607,single_q20_29,single,20,20,20,True,0,22351,134,1,22,22,candidate_contains_planted_raw_witness
20260607,single_q20_3,single,20,20,20,True,0,15557,4786,1,26,26,candidate_contains_planted_raw_witness
20260607,single_q20_30,single,20,20,500,True,0,26669,482,1,20,20,candidate_contains_planted_raw_witness
20260607,single_q20_31,single,20,20,20,True,0,9034,951,1,24,24,candidate_contains_planted_raw_witness
20260607,single_q20_32,single,20,20,500,True,0,387887,213776,1,33,33,candidate_contains_planted_raw_witness
20260607,single_q20_34,single,20,20,1000,True,0,669281,498725,1,34,34,candidate_contains_planted_raw_witness
20260607,single_q20_35,single,20,20,20,True,0,9612,2501,1,25,25,candidate_contains_planted_raw_witness
20260607,single_q20_36,single,20,20,20,True,0,9268,75,1,20,20,candidate_contains_planted_raw_witness
20260607,single_q20_37,single,20,20,20,True,0,12641,3286,1,34,34,candidate_contains_planted_raw_witness
20260607,single_q20_38,single,20,20,20,True,0,15905,1505,1,22,22,candidate_contains_planted_raw_witness
20260607,single_q20_39,single,20,20,500,True,0,285334,144860,1,24,24,candidate_contains_planted_raw_witness
20260607,single_q20_4,single,20,20,50,False,17,126096,92756,1,78,78,returned_mapping_raw_guard_rerun
20260607,single_q20_40,single,20,20,20,True,0,14672,5224,1,24,24,candidate_contains_planted_raw_witness
20260607,single_q20_41,single,20,20,500,True,0,405697,317057,1,312,312,candidate_contains_planted_raw_witness
20260607,single_q20_42,single,20,20,20,True,0,5281,86,1,20,20,candidate_contains_planted_raw_witness
20260607,single_q20_43,single,20,20,20,True,0,18089,7782,1,25,25,candidate_contains_planted_raw_witness
20260607,single_q20_44,single,20,20,100,True,0,27002,517,1,21,21,candidate_contains_planted_raw_witness
20260607,single_q20_45,single,20,20,20,True,0,1526,39,1,20,20,candidate_contains_planted_raw_witness
20260607,single_q20_46,single,20,20,20,True,0,1404,20,1,20,20,candidate_contains_planted_raw_witness
20260607,single_q20_47,single,20,20,1000,True,0,659867,490264,1,246,246,candidate_contains_planted_raw_witness
20260607,single_q20_48,single,20,20,20,True,0,10873,1911,1,23,23,candidate_contains_planted_raw_witness
20260607,single_q20_49,single,20,20,20,True,0,16698,4576,1,25,25,candidate_contains_planted_raw_witness
20260607,single_q20_5,single,20,20,20,True,0,9176,3142,1,28,28,candidate_contains_planted_raw_witness
20260607,single_q20_6,single,20,20,20,True,0,7139,923,1,20,20,candidate_contains_planted_raw_witness
20260607,single_q20_7,single,20,20,20,True,0,10425,217,1,22,22,candidate_contains_planted_raw_witness
20260607,single_q20_8,single,20,20,20,True,0,11582,3710,1,26,26,candidate_contains_planted_raw_witness
20260607,single_q20_9,single,20,20,20,True,0,18146,7681,1,26,26,candidate_contains_planted_raw_witness
20260607,single_q50_0,single,50,50,20,True,0,25882,14877,1,117,117,candidate_contains_planted_raw_witness
20260607,single_q50_1,single,50,50,20,True,0,13299,2017,1,60,60,candidate_contains_planted_raw_witness
20260607,single_q50_10,single,50,50,20,True,0,13513,3088,1,61,61,candidate_contains_planted_raw_witness
20260607,single_q50_11,single,50,50,20,True,0,19454,13113,1,105,105,candidate_contains_planted_raw_witness
20260607,single_q50_12,single,50,50,500,True,0,350856,267273,1,106,106,candidate_contains_planted_raw_witness
20260607,single_q50_13,single,50,50,20,True,0,19082,5110,1,77,77,candidate_contains_planted_raw_witness
20260607,single_q50_14,single,50,50,20,True,0,23890,13353,1,110,110,candidate_contains_planted_raw_witness
20260607,single_q50_16,single,50,50,20,True,0,29345,19258,1,142,142,candidate_contains_planted_raw_witness
20260607,single_q50_17,single,50,50,20,True,0,17350,3250,1,55,55,candidate_contains_planted_raw_witness
20260607,single_q50_19,single,50,50,20,True,0,19039,10438,1,80,80,candidate_contains_planted_raw_witness
20260607,single_q50_2,single,50,50,50,True,0,31248,11251,1,63,63,candidate_contains_planted_raw_witness
20260607,single_q50_20,single,50,50,100,True,0,70569,33719,1,77,77,candidate_contains_planted_raw_witness
20260607,single_q50_21,single,50,50,20,True,0,16464,5780,1,52,52,candidate_contains_planted_raw_witness
20260607,single_q50_22,single,50,50,20,True,0,13139,2418,1,65,65,candidate_contains_planted_raw_witness
20260607,single_q50_23,single,50,50,100,True,0,86703,65519,1,62,62,candidate_contains_planted_raw_witness
20260607,single_q50_24,single,50,50,20,True,0,17541,9194,1,67,67,candidate_contains_planted_raw_witness
20260607,single_q50_26,single,50,50,20,True,0,19478,8367,1,158,158,candidate_contains_planted_raw_witness
20260607,single_q50_27,single,50,50,20,True,0,11508,3892,1,86,86,candidate_contains_planted_raw_witness
20260607,single_q50_28,single,50,50,20,True,0,214,50,1,50,50,candidate_contains_planted_raw_witness
20260607,single_q50_29,single,50,50,20,True,0,14030,1379,1,59,59,candidate_contains_planted_raw_witness
20260607,single_q50_3,single,50,50,20,True,0,2134,53,1,51,51,candidate_contains_planted_raw_witness
20260607,single_q50_30,single,50,50,20,True,0,18026,6479,1,68,68,candidate_contains_planted_raw_witness
20260607,single_q50_31,single,50,50,20,True,0,18530,8785,1,60,60,candidate_contains_planted_raw_witness
20260607,single_q50_32,single,50,50,20,True,0,15201,4789,1,69,69,candidate_contains_planted_raw_witness
20260607,single_q50_33,single,50,50,20,True,0,21557,16573,1,104,104,candidate_contains_planted_raw_witness
20260607,single_q50_34,single,50,50,20,True,0,11438,2473,1,63,63,candidate_contains_planted_raw_witness
20260607,single_q50_35,single,50,50,20,True,0,16360,6470,1,62,62,candidate_contains_planted_raw_witness
20260607,single_q50_36,single,50,50,50,True,0,226227,153601,1,2754,2754,candidate_contains_planted_raw_witness
20260607,single_q50_37,single,50,50,500,True,0,360210,294614,1,158,158,candidate_contains_planted_raw_witness
20260607,single_q50_38,single,50,50,500,True,0,528918,416225,1,82,82,candidate_contains_planted_raw_witness
20260607,single_q50_39,single,50,50,20,True,0,1555,50,1,50,50,candidate_contains_planted_raw_witness
20260607,single_q50_4,single,50,50,50,True,0,27961,14742,1,60,60,candidate_contains_planted_raw_witness
20260607,single_q50_40,single,50,50,20,True,0,12706,4210,1,70,70,candidate_contains_planted_raw_witness
20260607,single_q50_41,single,50,50,20,True,0,13426,2118,1,65,65,candidate_contains_planted_raw_witness
20260607,single_q50_42,single,50,50,20,True,0,20611,11068,1,100,100,candidate_contains_planted_raw_witness
20260607,single_q50_43,single,50,50,100,True,0,126017,90087,1,354,354,candidate_contains_planted_raw_witness
20260607,single_q50_44,single,50,50,20,True,0,142222,79229,1,6375,6375,candidate_contains_planted_raw_witness
20260607,single_q50_45,single,50,50,20,True,0,9119,2327,1,57,57,candidate_contains_planted_raw_witness
20260607,single_q50_46,single,50,50,20,True,0,15318,5882,1,79,79,candidate_contains_planted_raw_witness
20260607,single_q50_47,single,50,50,100,True,0,115057,89259,1,569,569,candidate_contains_planted_raw_witness
20260607,single_q50_48,single,50,50,20,True,0,15828,3746,1,75,75,candidate_contains_planted_raw_witness
20260607,single_q50_49,single,50,50,50,True,0,133912,85078,1,1157,1157,candidate_contains_planted_raw_witness
20260607,single_q50_5,single,50,50,500,True,0,306631,129779,1,65,65,candidate_contains_planted_raw_witness
20260607,single_q50_6,single,50,50,500,True,0,629401,486918,1,1316,1316,candidate_contains_planted_raw_witness
20260607,single_q50_7,single,50,50,20,True,0,5110,77,1,51,51,candidate_contains_planted_raw_witness
20260607,single_q50_8,single,50,50,20,True,0,17074,3948,1,71,71,candidate_contains_planted_raw_witness
20260607,single_q50_9,single,50,50,20,True,0,18023,8434,1,99,99,candidate_contains_planted_raw_witness
20260608,degree_k_hop_q100_0,degree_k_hop,100,100,20,True,0,21178,6736,1,139,139,candidate_contains_planted_raw_witness
20260608,degree_k_hop_q100_1,degree_k_hop,100,100,20,True,0,12184,5193,1,114,114,candidate_contains_planted_raw_witness
20260608,degree_k_hop_q100_10,degree_k_hop,100,100,500,True,0,262640,142237,1,177,177,candidate_contains_planted_raw_witness
20260608,degree_k_hop_q100_11,degree_k_hop,100,100,50,True,0,66739,39607,1,193,193,candidate_contains_planted_raw_witness
20260608,degree_k_hop_q100_12,degree_k_hop,100,100,200,True,0,316346,249552,1,487,487,candidate_contains_planted_raw_witness
20260608,degree_k_hop_q100_13,degree_k_hop,100,100,1000,True,0,585532,299621,1,197,197,candidate_contains_planted_raw_witness
20260608,degree_k_hop_q100_15,degree_k_hop,100,100,200,True,0,374624,291478,1,879,879,candidate_contains_planted_raw_witness
20260608,degree_k_hop_q100_16,degree_k_hop,100,100,50,True,0,48478,27801,1,172,172,candidate_contains_planted_raw_witness
20260608,degree_k_hop_q100_17,degree_k_hop,100,100,200,True,0,126844,34373,1,129,129,candidate_contains_planted_raw_witness
20260608,degree_k_hop_q100_19,degree_k_hop,100,100,20,True,0,16064,1455,1,109,109,candidate_contains_planted_raw_witness
20260608,degree_k_hop_q100_2,degree_k_hop,100,100,500,True,0,665886,551652,1,873,873,candidate_contains_planted_raw_witness
20260608,degree_k_hop_q100_20,degree_k_hop,100,100,20,True,0,21587,6994,1,104,104,candidate_contains_planted_raw_witness
20260608,degree_k_hop_q100_21,degree_k_hop,100,100,200,True,0,305837,228523,1,451,451,candidate_contains_planted_raw_witness
20260608,degree_k_hop_q100_22,degree_k_hop,100,100,500,True,0,460556,301968,1,147,147,candidate_contains_planted_raw_witness
20260608,degree_k_hop_q100_23,degree_k_hop,100,100,20,True,0,19015,3912,1,115,115,candidate_contains_planted_raw_witness
20260608,degree_k_hop_q100_24,degree_k_hop,100,100,50,True,0,50883,37038,1,226,226,candidate_contains_planted_raw_witness
20260608,degree_k_hop_q100_25,degree_k_hop,100,100,200,True,0,111033,3617,1,110,110,candidate_contains_planted_raw_witness
20260608,degree_k_hop_q100_28,degree_k_hop,100,100,20,True,0,11089,558,1,117,117,candidate_contains_planted_raw_witness
20260608,degree_k_hop_q100_29,degree_k_hop,100,100,200,True,0,464570,369518,1,1347,1347,candidate_contains_planted_raw_witness
20260608,degree_k_hop_q100_3,degree_k_hop,100,100,100,True,0,327343,247810,1,2285,2285,candidate_contains_planted_raw_witness
20260608,degree_k_hop_q100_30,degree_k_hop,100,100,200,True,0,400387,278904,1,2120,2120,candidate_contains_planted_raw_witness
20260608,degree_k_hop_q100_31,degree_k_hop,100,100,50,True,0,44825,10936,1,362,362,candidate_contains_planted_raw_witness
20260608,degree_k_hop_q100_32,degree_k_hop,100,100,20,True,0,51299,28564,1,459,459,candidate_contains_planted_raw_witness
20260608,degree_k_hop_q100_33,degree_k_hop,100,100,50,True,0,57382,34383,1,2485,2485,candidate_contains_planted_raw_witness
20260608,degree_k_hop_q100_34,degree_k_hop,100,100,20,True,0,21361,5788,1,108,108,candidate_contains_planted_raw_witness
20260608,degree_k_hop_q100_35,degree_k_hop,100,100,200,True,0,181410,85786,1,116,116,candidate_contains_planted_raw_witness
20260608,degree_k_hop_q100_36,degree_k_hop,100,100,1000,True,0,868400,693533,1,1085,1085,candidate_contains_planted_raw_witness
20260608,degree_k_hop_q100_37,degree_k_hop,100,100,200,True,0,91508,5396,1,114,114,candidate_contains_planted_raw_witness
20260608,degree_k_hop_q100_38,degree_k_hop,100,100,50,True,0,36924,11760,1,121,121,candidate_contains_planted_raw_witness
20260608,degree_k_hop_q100_39,degree_k_hop,100,100,50,True,0,182994,129386,1,931,931,candidate_contains_planted_raw_witness
20260608,degree_k_hop_q100_4,degree_k_hop,100,100,200,True,0,149328,61903,1,119,119,candidate_contains_planted_raw_witness
20260608,degree_k_hop_q100_40,degree_k_hop,100,100,500,True,0,297397,124934,1,171,171,candidate_contains_planted_raw_witness
20260608,degree_k_hop_q100_41,degree_k_hop,100,100,50,True,0,67604,41529,1,463,463,candidate_contains_planted_raw_witness
20260608,degree_k_hop_q100_42,degree_k_hop,100,100,500,True,0,393340,171009,1,140,140,candidate_contains_planted_raw_witness
20260608,degree_k_hop_q100_43,degree_k_hop,100,100,200,True,0,149595,95658,1,191,191,candidate_contains_planted_raw_witness
20260608,degree_k_hop_q100_44,degree_k_hop,100,100,100,True,0,101428,69645,1,203,203,candidate_contains_planted_raw_witness
20260608,degree_k_hop_q100_45,degree_k_hop,100,100,20,True,0,15493,1381,1,109,109,candidate_contains_planted_raw_witness
20260608,degree_k_hop_q100_46,degree_k_hop,100,100,50,True,0,21435,1132,1,117,117,candidate_contains_planted_raw_witness
20260608,degree_k_hop_q100_47,degree_k_hop,100,100,100,True,0,89223,50371,1,178,178,candidate_contains_planted_raw_witness
20260608,degree_k_hop_q100_48,degree_k_hop,100,100,100,True,0,145971,105107,1,3202,3202,candidate_contains_planted_raw_witness
20260608,degree_k_hop_q100_49,degree_k_hop,100,100,200,True,0,141010,47893,1,137,137,candidate_contains_planted_raw_witness
20260608,degree_k_hop_q100_5,degree_k_hop,100,100,50,True,0,51727,32271,1,426,426,candidate_contains_planted_raw_witness
20260608,degree_k_hop_q100_6,degree_k_hop,100,100,50,True,0,40577,269,1,109,109,candidate_contains_planted_raw_witness
20260608,degree_k_hop_q100_7,degree_k_hop,100,100,20,True,0,19228,1675,1,124,124,candidate_contains_planted_raw_witness
20260608,degree_k_hop_q100_8,degree_k_hop,100,100,500,True,0,317486,76920,1,472,472,candidate_contains_planted_raw_witness
20260608,degree_k_hop_q100_9,degree_k_hop,100,100,200,True,0,141607,94786,1,143,143,candidate_contains_planted_raw_witness
20260608,degree_k_hop_q20_0,degree_k_hop,20,20,20,True,0,71459,38841,1,2671,2671,candidate_contains_planted_raw_witness
20260608,degree_k_hop_q20_1,degree_k_hop,20,20,20,True,0,13753,2934,1,21,21,candidate_contains_planted_raw_witness
20260608,degree_k_hop_q20_10,degree_k_hop,20,20,20,True,0,1554,21,1,20,20,candidate_contains_planted_raw_witness
20260608,degree_k_hop_q20_11,degree_k_hop,20,20,50,True,0,18419,6650,1,21,21,candidate_contains_planted_raw_witness
20260608,degree_k_hop_q20_12,degree_k_hop,20,20,20,True,0,11962,180,1,21,21,candidate_contains_planted_raw_witness
20260608,degree_k_hop_q20_13,degree_k_hop,20,20,20,True,0,3259,42,1,20,20,candidate_contains_planted_raw_witness
20260608,degree_k_hop_q20_15,degree_k_hop,20,20,20,True,0,19598,7579,1,45,45,candidate_contains_planted_raw_witness
20260608,degree_k_hop_q20_16,degree_k_hop,20,20,50,True,0,37041,872,1,20,20,candidate_contains_planted_raw_witness
20260608,degree_k_hop_q20_17,degree_k_hop,20,20,500,True,0,280349,88761,1,21,21,candidate_contains_planted_raw_witness
20260608,degree_k_hop_q20_18,degree_k_hop,20,20,1000,True,0,621667,287028,1,26,26,candidate_contains_planted_raw_witness
20260608,degree_k_hop_q20_19,degree_k_hop,20,20,50,True,0,4762,21,1,20,20,candidate_contains_planted_raw_witness
20260608,degree_k_hop_q20_2,degree_k_hop,20,20,500,True,0,202269,156558,1,1386,1386,candidate_contains_planted_raw_witness
20260608,degree_k_hop_q20_20,degree_k_hop,20,20,20,True,0,15638,3745,1,21,21,candidate_contains_planted_raw_witness
20260608,degree_k_hop_q20_21,degree_k_hop,20,20,20,True,0,21515,6171,1,28,28,candidate_contains_planted_raw_witness
20260608,degree_k_hop_q20_22,degree_k_hop,20,20,20,True,0,11639,426,1,20,20,candidate_contains_planted_raw_witness
20260608,degree_k_hop_q20_23,degree_k_hop,20,20,500,True,0,589463,363108,1,423,423,candidate_contains_planted_raw_witness
20260608,degree_k_hop_q20_24,degree_k_hop,20,20,20,True,0,14488,168,1,21,21,candidate_contains_planted_raw_witness
20260608,degree_k_hop_q20_25,degree_k_hop,20,20,200,True,0,97588,1190,1,21,21,candidate_contains_planted_raw_witness
20260608,degree_k_hop_q20_26,degree_k_hop,20,20,20,True,0,71322,35588,1,1553,1553,candidate_contains_planted_raw_witness
20260608,degree_k_hop_q20_27,degree_k_hop,20,20,20,True,0,19647,241,1,72,72,candidate_contains_planted_raw_witness
20260608,degree_k_hop_q20_28,degree_k_hop,20,20,100,True,0,47348,7000,1,20,20,candidate_contains_planted_raw_witness
20260608,degree_k_hop_q20_29,degree_k_hop,20,20,200,True,0,137109,83042,1,95,95,candidate_contains_planted_raw_witness
20260608,degree_k_hop_q20_3,degree_k_hop,20,20,100,True,0,84398,33201,1,22,22,candidate_contains_planted_raw_witness
20260608,degree_k_hop_q20_30,degree_k_hop,20,20,100,False,6,244862,134960,1,255,255,returned_mapping_raw_guard_rerun
20260608,degree_k_hop_q20_31,degree_k_hop,20,20,50,True,0,26360,2530,1,20,20,candidate_contains_planted_raw_witness
20260608,degree_k_hop_q20_32,degree_k_hop,20,20,100,True,0,86257,41347,1,22,22,candidate_contains_planted_raw_witness
20260608,degree_k_hop_q20_33,degree_k_hop,20,20,50,True,0,26701,8337,1,32,32,candidate_contains_planted_raw_witness
20260608,degree_k_hop_q20_34,degree_k_hop,20,20,20,True,0,4540,30,1,20,20,candidate_contains_planted_raw_witness
20260608,degree_k_hop_q20_36,degree_k_hop,20,20,500,False,7,442959,299992,1,65,65,returned_mapping_raw_guard_rerun
20260608,degree_k_hop_q20_37,degree_k_hop,20,20,20,True,0,12225,1840,1,21,21,candidate_contains_planted_raw_witness
20260608,degree_k_hop_q20_38,degree_k_hop,20,20,100,True,0,82385,29046,1,59,59,candidate_contains_planted_raw_witness
20260608,degree_k_hop_q20_39,degree_k_hop,20,20,20,True,0,8335,475,1,20,20,candidate_contains_planted_raw_witness
20260608,degree_k_hop_q20_4,degree_k_hop,20,20,20,True,0,9747,2565,1,25,25,candidate_contains_planted_raw_witness
20260608,degree_k_hop_q20_40,degree_k_hop,20,20,20,True,0,4301,31,1,20,20,candidate_contains_planted_raw_witness
20260608,degree_k_hop_q20_41,degree_k_hop,20,20,500,True,0,543930,276537,1,327,327,candidate_contains_planted_raw_witness
20260608,degree_k_hop_q20_42,degree_k_hop,20,20,200,True,0,146788,59367,1,21,21,candidate_contains_planted_raw_witness
20260608,degree_k_hop_q20_43,degree_k_hop,20,20,20,True,0,6948,59,1,20,20,candidate_contains_planted_raw_witness
20260608,degree_k_hop_q20_44,degree_k_hop,20,20,200,True,0,307682,204429,1,2982,2982,candidate_contains_planted_raw_witness
20260608,degree_k_hop_q20_45,degree_k_hop,20,20,100,True,0,69153,25071,1,87,87,candidate_contains_planted_raw_witness
20260608,degree_k_hop_q20_46,degree_k_hop,20,20,200,True,0,110424,12628,1,23,23,candidate_contains_planted_raw_witness
20260608,degree_k_hop_q20_47,degree_k_hop,20,20,20,True,0,10807,2141,1,23,23,candidate_contains_planted_raw_witness
20260608,degree_k_hop_q20_48,degree_k_hop,20,20,50,True,0,47371,18982,1,22,22,candidate_contains_planted_raw_witness
20260608,degree_k_hop_q20_49,degree_k_hop,20,20,500,True,0,155319,14381,1,21,21,candidate_contains_planted_raw_witness
20260608,degree_k_hop_q20_6,degree_k_hop,20,20,20,True,0,11720,1288,1,22,22,candidate_contains_planted_raw_witness
20260608,degree_k_hop_q20_7,degree_k_hop,20,20,200,True,0,78620,19727,1,21,21,candidate_contains_planted_raw_witness
20260608,degree_k_hop_q20_9,degree_k_hop,20,20,50,True,0,23593,590,1,22,22,candidate_contains_planted_raw_witness
20260608,degree_k_hop_q50_0,degree_k_hop,50,50,200,True,0,93697,2627,1,51,51,candidate_contains_planted_raw_witness
20260608,degree_k_hop_q50_1,degree_k_hop,50,50,50,True,0,29064,1434,1,54,54,candidate_contains_planted_raw_witness
20260608,degree_k_hop_q50_10,degree_k_hop,50,50,20,True,0,22195,3870,1,59,59,candidate_contains_planted_raw_witness
20260608,degree_k_hop_q50_11,degree_k_hop,50,50,500,False,3,381357,150251,1,188,188,returned_mapping_raw_guard_rerun
20260608,degree_k_hop_q50_12,degree_k_hop,50,50,50,True,0,26561,11823,1,83,83,candidate_contains_planted_raw_witness
20260608,degree_k_hop_q50_13,degree_k_hop,50,50,500,True,0,569536,279937,1,192,192,candidate_contains_planted_raw_witness
20260608,degree_k_hop_q50_15,degree_k_hop,50,50,20,True,0,42863,15374,1,407,407,candidate_contains_planted_raw_witness
20260608,degree_k_hop_q50_16,degree_k_hop,50,50,50,True,0,50298,19922,1,1476,1476,candidate_contains_planted_raw_witness
20260608,degree_k_hop_q50_17,degree_k_hop,50,50,500,True,0,342847,217089,1,87,87,candidate_contains_planted_raw_witness
20260608,degree_k_hop_q50_18,degree_k_hop,50,50,50,True,0,29326,4985,1,56,56,candidate_contains_planted_raw_witness
20260608,degree_k_hop_q50_19,degree_k_hop,50,50,20,True,0,14377,501,1,51,51,candidate_contains_planted_raw_witness
20260608,degree_k_hop_q50_20,degree_k_hop,50,50,20,True,0,23781,8911,1,75,75,candidate_contains_planted_raw_witness
20260608,degree_k_hop_q50_21,degree_k_hop,50,50,1000,True,0,320670,251505,1,75,75,candidate_contains_planted_raw_witness
20260608,degree_k_hop_q50_22,degree_k_hop,50,50,20,True,0,14821,4674,1,66,66,candidate_contains_planted_raw_witness
20260608,degree_k_hop_q50_23,degree_k_hop,50,50,50,True,0,48044,8942,1,61,61,candidate_contains_planted_raw_witness
20260608,degree_k_hop_q50_24,degree_k_hop,50,50,100,True,0,68663,34099,1,142,142,candidate_contains_planted_raw_witness
20260608,degree_k_hop_q50_25,degree_k_hop,50,50,100,True,0,67154,23300,1,89,89,candidate_contains_planted_raw_witness
20260608,degree_k_hop_q50_26,degree_k_hop,50,50,1000,True,0,446324,196991,1,224,224,candidate_contains_planted_raw_witness
20260608,degree_k_hop_q50_27,degree_k_hop,50,50,20,True,0,16661,2942,1,83,83,candidate_contains_planted_raw_witness
20260608,degree_k_hop_q50_28,degree_k_hop,50,50,20,True,0,20301,6442,1,54,54,candidate_contains_planted_raw_witness
20260608,degree_k_hop_q50_29,degree_k_hop,50,50,20,True,0,6822,2748,1,59,59,candidate_contains_planted_raw_witness
20260608,degree_k_hop_q50_3,degree_k_hop,50,50,50,True,0,27291,11967,1,330,330,candidate_contains_planted_raw_witness
20260608,degree_k_hop_q50_30,degree_k_hop,50,50,500,True,0,639166,464325,1,3282,3282,candidate_contains_planted_raw_witness
20260608,degree_k_hop_q50_31,degree_k_hop,50,50,20,True,0,11146,3281,1,53,53,candidate_contains_planted_raw_witness
20260608,degree_k_hop_q50_32,degree_k_hop,50,50,100,True,0,70489,31807,1,113,113,candidate_contains_planted_raw_witness
20260608,degree_k_hop_q50_33,degree_k_hop,50,50,1000,True,0,579021,411245,1,66,66,candidate_contains_planted_raw_witness
20260608,degree_k_hop_q50_34,degree_k_hop,50,50,20,True,0,23104,9774,1,65,65,candidate_contains_planted_raw_witness
20260608,degree_k_hop_q50_35,degree_k_hop,50,50,200,True,0,344815,239646,1,554,554,candidate_contains_planted_raw_witness
20260608,degree_k_hop_q50_36,degree_k_hop,50,50,500,True,0,442291,261683,1,183,183,candidate_contains_planted_raw_witness
20260608,degree_k_hop_q50_37,degree_k_hop,50,50,20,True,0,17234,6665,1,92,92,candidate_contains_planted_raw_witness
20260608,degree_k_hop_q50_38,degree_k_hop,50,50,20,True,0,19178,2394,1,52,52,candidate_contains_planted_raw_witness
20260608,degree_k_hop_q50_39,degree_k_hop,50,50,500,True,0,436733,325704,1,1934,1934,candidate_contains_planted_raw_witness
20260608,degree_k_hop_q50_4,degree_k_hop,50,50,20,True,0,12445,1321,1,57,57,candidate_contains_planted_raw_witness
20260608,degree_k_hop_q50_40,degree_k_hop,50,50,50,True,0,15492,8199,1,58,58,candidate_contains_planted_raw_witness
20260608,degree_k_hop_q50_41,degree_k_hop,50,50,200,True,0,268187,177314,1,926,926,candidate_contains_planted_raw_witness
20260608,degree_k_hop_q50_42,degree_k_hop,50,50,20,True,0,17130,377,1,52,52,candidate_contains_planted_raw_witness
20260608,degree_k_hop_q50_43,degree_k_hop,50,50,20,True,0,18904,53,1,53,53,candidate_contains_planted_raw_witness
20260608,degree_k_hop_q50_44,degree_k_hop,50,50,50,True,0,16967,10070,1,54,54,candidate_contains_planted_raw_witness
20260608,degree_k_hop_q50_45,degree_k_hop,50,50,100,True,0,24305,1556,1,51,51,candidate_contains_planted_raw_witness
20260608,degree_k_hop_q50_46,degree_k_hop,50,50,20,True,0,13846,695,1,56,56,candidate_contains_planted_raw_witness
20260608,degree_k_hop_q50_47,degree_k_hop,50,50,50,True,0,211553,134885,1,2297,2297,candidate_contains_planted_raw_witness
20260608,degree_k_hop_q50_48,degree_k_hop,50,50,200,False,7,201200,127021,1,193,193,returned_mapping_raw_guard_rerun
20260608,degree_k_hop_q50_49,degree_k_hop,50,50,20,True,0,12661,2373,1,53,53,candidate_contains_planted_raw_witness
20260608,degree_k_hop_q50_5,degree_k_hop,50,50,50,True,0,193954,129908,1,1131,1131,candidate_contains_planted_raw_witness
20260608,degree_k_hop_q50_7,degree_k_hop,50,50,20,True,0,16213,57,1,51,51,candidate_contains_planted_raw_witness
20260608,degree_k_hop_q50_8,degree_k_hop,50,50,1000,True,0,343495,109307,1,65,65,candidate_contains_planted_raw_witness
20260608,degree_k_hop_q50_9,degree_k_hop,50,50,1000,True,0,658202,424064,1,489,489,candidate_contains_planted_raw_witness
20260608,k_hop_q100_1,k_hop,100,100,20,True,0,21650,937,1,393,393,candidate_contains_planted_raw_witness
20260608,k_hop_q100_10,k_hop,100,100,500,True,0,354639,201675,1,271,271,candidate_contains_planted_raw_witness
20260608,k_hop_q100_11,k_hop,100,100,100,True,0,80736,20207,1,116,116,candidate_contains_planted_raw_witness
20260608,k_hop_q100_12,k_hop,100,100,100,True,0,189911,127741,1,496,496,candidate_contains_planted_raw_witness
20260608,k_hop_q100_13,k_hop,100,100,1000,True,0,708746,586225,1,260,260,candidate_contains_planted_raw_witness
20260608,k_hop_q100_14,k_hop,100,100,200,False,7,146404,80254,1,255,255,returned_mapping_raw_guard_rerun
20260608,k_hop_q100_15,k_hop,100,100,500,True,0,624463,453588,1,1290,1290,candidate_contains_planted_raw_witness
20260608,k_hop_q100_16,k_hop,100,100,200,True,0,318156,242352,1,409,409,candidate_contains_planted_raw_witness
20260608,k_hop_q100_17,k_hop,100,100,50,True,0,185874,134820,1,1671,1671,candidate_contains_planted_raw_witness
20260608,k_hop_q100_18,k_hop,100,100,1000,True,0,277403,243416,1,200,200,candidate_contains_planted_raw_witness
20260608,k_hop_q100_19,k_hop,100,100,100,True,0,69926,22215,1,154,154,candidate_contains_planted_raw_witness
20260608,k_hop_q100_2,k_hop,100,100,200,True,0,267941,201722,1,780,780,candidate_contains_planted_raw_witness
20260608,k_hop_q100_20,k_hop,100,100,20,True,0,15551,1945,1,106,106,candidate_contains_planted_raw_witness
20260608,k_hop_q100_21,k_hop,100,100,20,True,0,49214,5991,1,2203,2203,candidate_contains_planted_raw_witness
20260608,k_hop_q100_22,k_hop,100,100,20,True,0,17359,3648,1,103,103,candidate_contains_planted_raw_witness
20260608,k_hop_q100_23,k_hop,100,100,500,True,0,106799,66465,1,117,117,candidate_contains_planted_raw_witness
20260608,k_hop_q100_24,k_hop,100,100,20,True,0,82705,53797,1,1367,1367,candidate_contains_planted_raw_witness
20260608,k_hop_q100_25,k_hop,100,100,1000,False,29,795655,665134,1,394,394,returned_mapping_raw_guard_rerun
20260608,k_hop_q100_27,k_hop,100,100,20,True,0,17405,148,1,116,116,candidate_contains_planted_raw_witness
20260608,k_hop_q100_28,k_hop,100,100,20,True,0,19728,2199,1,178,178,candidate_contains_planted_raw_witness
20260608,k_hop_q100_29,k_hop,100,100,1000,True,0,659490,425439,1,216,216,candidate_contains_planted_raw_witness
20260608,k_hop_q100_3,k_hop,100,100,100,True,0,333219,250368,1,2262,2262,candidate_contains_planted_raw_witness
20260608,k_hop_q100_30,k_hop,100,100,500,True,0,392023,227747,1,351,351,candidate_contains_planted_raw_witness
20260608,k_hop_q100_31,k_hop,100,100,100,True,0,65076,14704,1,115,115,candidate_contains_planted_raw_witness
20260608,k_hop_q100_32,k_hop,100,100,20,True,0,22125,1376,1,445,445,candidate_contains_planted_raw_witness
20260608,k_hop_q100_33,k_hop,100,100,500,True,0,322770,174848,1,160,160,candidate_contains_planted_raw_witness
20260608,k_hop_q100_36,k_hop,100,100,200,True,0,20954,191,1,101,101,candidate_contains_planted_raw_witness
20260608,k_hop_q100_37,k_hop,100,100,20,True,0,20589,8511,1,328,328,candidate_contains_planted_raw_witness
20260608,k_hop_q100_38,k_hop,100,100,20,True,0,18872,5507,1,122,122,candidate_contains_planted_raw_witness
20260608,k_hop_q100_39,k_hop,100,100,50,True,0,29296,2043,1,106,106,candidate_contains_planted_raw_witness
20260608,k_hop_q100_4,k_hop,100,100,1000,False,23,931341,735343,1,209,209,returned_mapping_raw_guard_rerun
20260608,k_hop_q100_42,k_hop,100,100,1000,True,0,729907,518980,1,170,170,candidate_contains_planted_raw_witness
20260608,k_hop_q100_43,k_hop,100,100,100,True,0,129943,52991,1,780,780,candidate_contains_planted_raw_witness
20260608,k_hop_q100_44,k_hop,100,100,20,True,0,30534,17824,1,383,383,candidate_contains_planted_raw_witness
20260608,k_hop_q100_45,k_hop,100,100,100,True,0,331177,240120,1,5030,5030,candidate_contains_planted_raw_witness
20260608,k_hop_q100_48,k_hop,100,100,100,True,0,68217,26132,1,159,159,candidate_contains_planted_raw_witness
20260608,k_hop_q100_5,k_hop,100,100,200,True,0,124514,19744,1,352,352,candidate_contains_planted_raw_witness
20260608,k_hop_q100_7,k_hop,100,100,50,True,0,42293,11016,1,122,122,candidate_contains_planted_raw_witness
20260608,k_hop_q100_8,k_hop,100,100,50,True,0,211739,139884,1,4462,4462,candidate_contains_planted_raw_witness
20260608,k_hop_q100_9,k_hop,100,100,200,True,0,159406,82709,1,162,162,candidate_contains_planted_raw_witness
20260608,k_hop_q20_1,k_hop,20,20,500,True,0,214058,136927,1,24,24,candidate_contains_planted_raw_witness
20260608,k_hop_q20_10,k_hop,20,20,500,False,1,340781,182800,1,20,20,returned_mapping_raw_guard_rerun
20260608,k_hop_q20_11,k_hop,20,20,20,True,0,49450,29768,1,455,455,candidate_contains_planted_raw_witness
20260608,k_hop_q20_12,k_hop,20,20,500,True,0,366766,231420,1,67,67,candidate_contains_planted_raw_witness
20260608,k_hop_q20_13,k_hop,20,20,20,True,0,4447,28,1,20,20,candidate_contains_planted_raw_witness
20260608,k_hop_q20_14,k_hop,20,20,100,True,0,223823,123869,1,474,474,candidate_contains_planted_raw_witness
20260608,k_hop_q20_15,k_hop,20,20,20,True,0,19067,8295,1,26,26,candidate_contains_planted_raw_witness
20260608,k_hop_q20_16,k_hop,20,20,20,True,0,2293,32,1,20,20,candidate_contains_planted_raw_witness
20260608,k_hop_q20_17,k_hop,20,20,200,True,0,78384,3702,1,22,22,candidate_contains_planted_raw_witness
20260608,k_hop_q20_18,k_hop,20,20,20,True,0,6824,74,1,20,20,candidate_contains_planted_raw_witness
20260608,k_hop_q20_19,k_hop,20,20,20,True,0,8726,1802,1,24,24,candidate_contains_planted_raw_witness
20260608,k_hop_q20_2,k_hop,20,20,100,True,0,14158,76,1,20,20,candidate_contains_planted_raw_witness
20260608,k_hop_q20_20,k_hop,20,20,20,True,0,15042,184,1,29,29,candidate_contains_planted_raw_witness
20260608,k_hop_q20_21,k_hop,20,20,100,True,0,75691,31395,1,21,21,candidate_contains_planted_raw_witness
20260608,k_hop_q20_22,k_hop,20,20,200,True,0,85925,30212,1,23,23,candidate_contains_planted_raw_witness
20260608,k_hop_q20_23,k_hop,20,20,50,True,0,36158,1796,1,61,61,candidate_contains_planted_raw_witness
20260608,k_hop_q20_24,k_hop,20,20,200,True,0,241059,85417,1,155,155,candidate_contains_planted_raw_witness
20260608,k_hop_q20_25,k_hop,20,20,100,True,0,110861,65118,1,1576,1576,candidate_contains_planted_raw_witness
20260608,k_hop_q20_26,k_hop,20,20,1000,True,0,440684,389772,1,24,24,candidate_contains_planted_raw_witness
20260608,k_hop_q20_27,k_hop,20,20,50,True,0,22339,551,1,22,22,candidate_contains_planted_raw_witness
20260608,k_hop_q20_29,k_hop,20,20,50,True,0,56882,40587,1,198,198,candidate_contains_planted_raw_witness
20260608,k_hop_q20_3,k_hop,20,20,200,True,0,248951,163926,1,1158,1158,candidate_contains_planted_raw_witness
20260608,k_hop_q20_30,k_hop,20,20,20,True,0,5131,51,1,20,20,candidate_contains_planted_raw_witness
20260608,k_hop_q20_31,k_hop,20,20,20,True,0,56717,18750,1,114,114,candidate_contains_planted_raw_witness
20260608,k_hop_q20_32,k_hop,20,20,200,True,0,149170,50034,1,5008,5008,candidate_contains_planted_raw_witness
20260608,k_hop_q20_33,k_hop,20,20,20,True,0,16007,2383,1,32,32,candidate_contains_planted_raw_witness
20260608,k_hop_q20_34,k_hop,20,20,20,True,0,12589,2017,1,21,21,candidate_contains_planted_raw_witness
20260608,k_hop_q20_35,k_hop,20,20,1000,True,0,141868,107875,1,25,25,candidate_contains_planted_raw_witness
20260608,k_hop_q20_37,k_hop,20,20,100,True,0,190760,92883,1,370,370,candidate_contains_planted_raw_witness
20260608,k_hop_q20_38,k_hop,20,20,200,True,0,56435,31486,1,24,24,candidate_contains_planted_raw_witness
20260608,k_hop_q20_39,k_hop,20,20,20,True,0,13733,6527,1,165,165,candidate_contains_planted_raw_witness
20260608,k_hop_q20_4,k_hop,20,20,20,True,0,5654,205,1,20,20,candidate_contains_planted_raw_witness
20260608,k_hop_q20_41,k_hop,20,20,20,True,0,18127,5415,1,29,29,candidate_contains_planted_raw_witness
20260608,k_hop_q20_42,k_hop,20,20,200,True,0,167847,61475,1,52,52,candidate_contains_planted_raw_witness
20260608,k_hop_q20_43,k_hop,20,20,1000,True,0,409916,166382,1,40,40,candidate_contains_planted_raw_witness
20260608,k_hop_q20_44,k_hop,20,20,200,True,0,96376,9044,1,21,21,candidate_contains_planted_raw_witness
20260608,k_hop_q20_45,k_hop,20,20,20,True,0,18036,1354,1,23,23,candidate_contains_planted_raw_witness
20260608,k_hop_q20_46,k_hop,20,20,20,True,0,16985,4010,1,25,25,candidate_contains_planted_raw_witness
20260608,k_hop_q20_47,k_hop,20,20,1000,True,0,733748,541038,1,360,360,candidate_contains_planted_raw_witness
20260608,k_hop_q20_48,k_hop,20,20,20,True,0,50973,23933,1,1590,1590,candidate_contains_planted_raw_witness
20260608,k_hop_q20_49,k_hop,20,20,50,True,0,19363,411,1,22,22,candidate_contains_planted_raw_witness
20260608,k_hop_q20_5,k_hop,20,20,20,True,0,4137,44,1,20,20,candidate_contains_planted_raw_witness
20260608,k_hop_q20_6,k_hop,20,20,20,True,0,16154,4037,1,35,35,candidate_contains_planted_raw_witness
20260608,k_hop_q20_8,k_hop,20,20,20,True,0,8442,348,1,21,21,candidate_contains_planted_raw_witness
20260608,k_hop_q20_9,k_hop,20,20,50,True,0,30950,8661,1,25,25,candidate_contains_planted_raw_witness
20260608,k_hop_q50_0,k_hop,50,50,20,True,0,19665,4930,1,101,101,candidate_contains_planted_raw_witness
20260608,k_hop_q50_1,k_hop,50,50,20,True,0,15183,1581,1,54,54,candidate_contains_planted_raw_witness
20260608,k_hop_q50_10,k_hop,50,50,20,True,0,16750,2570,1,54,54,candidate_contains_planted_raw_witness
20260608,k_hop_q50_11,k_hop,50,50,20,True,0,5319,2335,1,53,53,candidate_contains_planted_raw_witness
20260608,k_hop_q50_12,k_hop,50,50,20,True,0,19989,2685,1,60,60,candidate_contains_planted_raw_witness
20260608,k_hop_q50_13,k_hop,50,50,500,True,0,409964,254749,1,2308,2308,candidate_contains_planted_raw_witness
20260608,k_hop_q50_14,k_hop,50,50,20,True,0,10675,128,1,50,50,candidate_contains_planted_raw_witness
20260608,k_hop_q50_15,k_hop,50,50,20,True,0,19956,8166,1,104,104,candidate_contains_planted_raw_witness
20260608,k_hop_q50_16,k_hop,50,50,200,True,0,174692,94303,1,291,291,candidate_contains_planted_raw_witness
20260608,k_hop_q50_17,k_hop,50,50,200,True,0,246501,177217,1,176,176,candidate_contains_planted_raw_witness
20260608,k_hop_q50_18,k_hop,50,50,20,True,0,15812,1050,1,67,67,candidate_contains_planted_raw_witness
20260608,k_hop_q50_19,k_hop,50,50,100,True,0,11289,165,1,52,52,candidate_contains_planted_raw_witness
20260608,k_hop_q50_2,k_hop,50,50,20,True,0,4357,1347,1,55,55,candidate_contains_planted_raw_witness
20260608,k_hop_q50_20,k_hop,50,50,20,True,0,23198,13227,1,71,71,candidate_contains_planted_raw_witness
20260608,k_hop_q50_21,k_hop,50,50,100,True,0,47863,1797,1,53,53,candidate_contains_planted_raw_witness
20260608,k_hop_q50_22,k_hop,50,50,1000,True,0,406222,78029,1,92,92,candidate_contains_planted_raw_witness
20260608,k_hop_q50_23,k_hop,50,50,20,True,0,17522,6998,1,70,70,candidate_contains_planted_raw_witness
20260608,k_hop_q50_24,k_hop,50,50,200,True,0,306147,186035,1,601,601,candidate_contains_planted_raw_witness
20260608,k_hop_q50_25,k_hop,50,50,20,True,0,41351,556,1,235,235,candidate_contains_planted_raw_witness
20260608,k_hop_q50_26,k_hop,50,50,50,True,0,178122,114644,1,725,725,candidate_contains_planted_raw_witness
20260608,k_hop_q50_27,k_hop,50,50,50,True,0,41765,11316,1,318,318,candidate_contains_planted_raw_witness
20260608,k_hop_q50_28,k_hop,50,50,50,True,0,32023,6015,1,52,52,candidate_contains_planted_raw_witness
20260608,k_hop_q50_29,k_hop,50,50,50,True,0,37981,2723,1,54,54,candidate_contains_planted_raw_witness
20260608,k_hop_q50_3,k_hop,50,50,20,True,0,3692,54,1,51,51,candidate_contains_planted_raw_witness
20260608,k_hop_q50_31,k_hop,50,50,500,False,16,432679,293827,1,302,302,returned_mapping_raw_guard_rerun
20260608,k_hop_q50_32,k_hop,50,50,500,True,0,426697,166677,1,356,356,candidate_contains_planted_raw_witness
20260608,k_hop_q50_33,k_hop,50,50,200,True,0,156874,72466,1,7557,7557,candidate_contains_planted_raw_witness
20260608,k_hop_q50_34,k_hop,50,50,20,True,0,1017,51,1,51,51,candidate_contains_planted_raw_witness
20260608,k_hop_q50_35,k_hop,50,50,200,False,19,236906,168669,1,271,271,returned_mapping_raw_guard_rerun
20260608,k_hop_q50_36,k_hop,50,50,50,True,0,51639,20941,1,130,130,candidate_contains_planted_raw_witness
20260608,k_hop_q50_37,k_hop,50,50,20,True,0,10425,1057,1,56,56,candidate_contains_planted_raw_witness
20260608,k_hop_q50_38,k_hop,50,50,500,True,0,465421,323002,1,323,323,candidate_contains_planted_raw_witness
20260608,k_hop_q50_39,k_hop,50,50,200,True,0,84246,12653,1,53,53,candidate_contains_planted_raw_witness
20260608,k_hop_q50_4,k_hop,50,50,20,True,0,16077,6492,1,59,59,candidate_contains_planted_raw_witness
20260608,k_hop_q50_40,k_hop,50,50,50,True,0,32031,1814,1,54,54,candidate_contains_planted_raw_witness
20260608,k_hop_q50_41,k_hop,50,50,100,False,20,81122,53314,1,212,212,returned_mapping_raw_guard_rerun
20260608,k_hop_q50_42,k_hop,50,50,100,True,0,82578,26546,1,411,411,candidate_contains_planted_raw_witness
20260608,k_hop_q50_43,k_hop,50,50,50,True,0,129542,78076,1,1169,1169,candidate_contains_planted_raw_witness
20260608,k_hop_q50_44,k_hop,50,50,500,True,0,387467,279166,1,1068,1068,candidate_contains_planted_raw_witness
20260608,k_hop_q50_45,k_hop,50,50,1000,True,0,293640,70711,1,59,59,candidate_contains_planted_raw_witness
20260608,k_hop_q50_46,k_hop,50,50,500,True,0,201509,6219,1,50,50,candidate_contains_planted_raw_witness
20260608,k_hop_q50_47,k_hop,50,50,50,True,0,165702,90097,1,3924,3924,candidate_contains_planted_raw_witness
20260608,k_hop_q50_48,k_hop,50,50,20,True,0,12100,2822,1,52,52,candidate_contains_planted_raw_witness
20260608,k_hop_q50_49,k_hop,50,50,500,True,0,365272,201620,1,584,584,candidate_contains_planted_raw_witness
20260608,k_hop_q50_5,k_hop,50,50,20,True,0,14069,2224,1,54,54,candidate_contains_planted_raw_witness
20260608,k_hop_q50_6,k_hop,50,50,20,True,0,7186,90,1,50,50,candidate_contains_planted_raw_witness
20260608,k_hop_q50_7,k_hop,50,50,20,True,0,60934,37717,1,407,407,candidate_contains_planted_raw_witness
20260608,k_hop_q50_8,k_hop,50,50,500,True,0,516042,300565,1,276,276,candidate_contains_planted_raw_witness
20260608,k_hop_q50_9,k_hop,50,50,100,True,0,230886,136808,1,281,281,candidate_contains_planted_raw_witness
20260608,multi_coarse_q100_0,multi_coarse,100,100,500,True,0,488655,363065,1,495,495,candidate_contains_planted_raw_witness
20260608,multi_coarse_q100_10,multi_coarse,100,100,1000,True,0,760816,524518,1,137,137,candidate_contains_planted_raw_witness
20260608,multi_coarse_q100_11,multi_coarse,100,100,500,True,0,443774,249526,1,177,177,candidate_contains_planted_raw_witness
20260608,multi_coarse_q100_15,multi_coarse,100,100,200,True,0,119298,41936,1,153,153,candidate_contains_planted_raw_witness
20260608,multi_coarse_q100_16,multi_coarse,100,100,1000,True,0,569076,378103,1,470,470,candidate_contains_planted_raw_witness
20260608,multi_coarse_q100_17,multi_coarse,100,100,500,True,0,445060,357636,1,157,157,candidate_contains_planted_raw_witness
20260608,multi_coarse_q100_18,multi_coarse,100,100,500,True,0,577985,417900,1,4316,4316,candidate_contains_planted_raw_witness
20260608,multi_coarse_q100_19,multi_coarse,100,100,500,False,18,427265,263014,1,307,307,returned_mapping_raw_guard_rerun
20260608,multi_coarse_q100_20,multi_coarse,100,100,500,True,0,371839,262974,1,180,180,candidate_contains_planted_raw_witness
20260608,multi_coarse_q100_22,multi_coarse,100,100,1000,True,0,868978,649174,1,249,249,candidate_contains_planted_raw_witness
20260608,multi_coarse_q100_23,multi_coarse,100,100,1000,True,0,572214,361859,1,254,254,candidate_contains_planted_raw_witness
20260608,multi_coarse_q100_24,multi_coarse,100,100,500,True,0,453432,350166,1,847,847,candidate_contains_planted_raw_witness
20260608,multi_coarse_q100_25,multi_coarse,100,100,1000,True,0,763389,557126,1,174,174,candidate_contains_planted_raw_witness
20260608,multi_coarse_q100_27,multi_coarse,100,100,1000,True,0,706829,364959,1,133,133,candidate_contains_planted_raw_witness
20260608,multi_coarse_q100_28,multi_coarse,100,100,100,True,0,340016,204174,1,1985,1985,candidate_contains_planted_raw_witness
20260608,multi_coarse_q100_29,multi_coarse,100,100,500,True,0,388744,222774,1,173,173,candidate_contains_planted_raw_witness
20260608,multi_coarse_q100_3,multi_coarse,100,100,1000,True,0,719854,506622,1,2564,2564,candidate_contains_planted_raw_witness
20260608,multi_coarse_q100_30,multi_coarse,100,100,500,True,0,276654,14374,1,113,113,candidate_contains_planted_raw_witness
20260608,multi_coarse_q100_31,multi_coarse,100,100,500,True,0,311926,180810,1,161,161,candidate_contains_planted_raw_witness
20260608,multi_coarse_q100_34,multi_coarse,100,100,500,True,0,415243,188789,1,130,130,candidate_contains_planted_raw_witness
20260608,multi_coarse_q100_35,multi_coarse,100,100,1000,True,0,739160,596787,1,184,184,candidate_contains_planted_raw_witness
20260608,multi_coarse_q100_36,multi_coarse,100,100,200,True,0,176080,66083,1,147,147,candidate_contains_planted_raw_witness
20260608,multi_coarse_q100_37,multi_coarse,100,100,500,True,0,399168,261452,1,150,150,candidate_contains_planted_raw_witness
20260608,multi_coarse_q100_38,multi_coarse,100,100,1000,True,0,833697,583236,1,1579,1579,candidate_contains_planted_raw_witness
20260608,multi_coarse_q100_39,multi_coarse,100,100,500,True,0,464469,338984,1,278,278,candidate_contains_planted_raw_witness
20260608,multi_coarse_q100_4,multi_coarse,100,100,1000,True,0,715882,596929,1,170,170,candidate_contains_planted_raw_witness
20260608,multi_coarse_q100_40,multi_coarse,100,100,1000,True,0,729537,549609,1,183,183,candidate_contains_planted_raw_witness
20260608,multi_coarse_q100_42,multi_coarse,100,100,1000,True,0,697336,492566,1,248,248,candidate_contains_planted_raw_witness
20260608,multi_coarse_q100_44,multi_coarse,100,100,1000,True,0,755012,482903,1,158,158,candidate_contains_planted_raw_witness
20260608,multi_coarse_q100_46,multi_coarse,100,100,200,True,0,163332,73765,1,188,188,candidate_contains_planted_raw_witness
20260608,multi_coarse_q100_47,multi_coarse,100,100,500,True,0,447309,358670,1,348,348,candidate_contains_planted_raw_witness
20260608,multi_coarse_q100_5,multi_coarse,100,100,200,True,0,187066,114526,1,175,175,candidate_contains_planted_raw_witness
20260608,multi_coarse_q100_6,multi_coarse,100,100,1000,True,0,821926,602673,1,175,175,candidate_contains_planted_raw_witness
20260608,multi_coarse_q100_7,multi_coarse,100,100,500,True,0,418507,258845,1,194,194,candidate_contains_planted_raw_witness
20260608,multi_coarse_q100_8,multi_coarse,100,100,200,True,0,343038,244317,1,284,284,candidate_contains_planted_raw_witness
20260608,multi_coarse_q100_9,multi_coarse,100,100,1000,True,0,718138,543829,1,187,187,candidate_contains_planted_raw_witness
20260608,multi_coarse_q20_0,multi_coarse,20,20,500,True,0,214993,157334,1,30,30,candidate_contains_planted_raw_witness
20260608,multi_coarse_q20_1,multi_coarse,20,20,200,True,0,231878,143731,1,2677,2677,candidate_contains_planted_raw_witness
20260608,multi_coarse_q20_10,multi_coarse,20,20,200,True,0,129473,52715,1,26,26,candidate_contains_planted_raw_witness
20260608,multi_coarse_q20_12,multi_coarse,20,20,500,True,0,415030,171014,1,1159,1159,candidate_contains_planted_raw_witness
20260608,multi_coarse_q20_13,multi_coarse,20,20,500,True,0,191747,55488,1,28,28,candidate_contains_planted_raw_witness
20260608,multi_coarse_q20_15,multi_coarse,20,20,100,False,1,163156,74551,1,655,655,returned_mapping_raw_guard_rerun
20260608,multi_coarse_q20_16,multi_coarse,20,20,500,True,0,450399,290807,1,493,493,candidate_contains_planted_raw_witness
20260608,multi_coarse_q20_17,multi_coarse,20,20,1000,True,0,596030,110673,1,510,510,candidate_contains_planted_raw_witness
20260608,multi_coarse_q20_18,multi_coarse,20,20,1000,True,0,476292,170686,1,23,23,candidate_contains_planted_raw_witness
20260608,multi_coarse_q20_2,multi_coarse,20,20,200,True,0,160784,89031,1,961,961,candidate_contains_planted_raw_witness
20260608,multi_coarse_q20_20,multi_coarse,20,20,500,True,0,217792,158631,1,29,29,candidate_contains_planted_raw_witness
20260608,multi_coarse_q20_21,multi_coarse,20,20,1000,True,0,705430,484104,1,36,36,candidate_contains_planted_raw_witness
20260608,multi_coarse_q20_23,multi_coarse,20,20,1000,True,0,673582,432675,1,1390,1390,candidate_contains_planted_raw_witness
20260608,multi_coarse_q20_25,multi_coarse,20,20,100,True,0,62281,1117,1,21,21,candidate_contains_planted_raw_witness
20260608,multi_coarse_q20_26,multi_coarse,20,20,200,True,0,79542,998,1,21,21,candidate_contains_planted_raw_witness
20260608,multi_coarse_q20_27,multi_coarse,20,18,1000,True,0,791225,409662,1,22,22,candidate_contains_planted_raw_witness
20260608,multi_coarse_q20_28,multi_coarse,20,20,200,True,0,352138,174239,1,1194,1194,candidate_contains_planted_raw_witness
20260608,multi_coarse_q20_29,multi_coarse,20,20,200,True,0,240428,104353,1,1203,1203,candidate_contains_planted_raw_witness
20260608,multi_coarse_q20_3,multi_coarse,20,20,1000,True,0,666934,405091,1,25,25,candidate_contains_planted_raw_witness
20260608,multi_coarse_q20_30,multi_coarse,20,20,200,False,6,165140,84174,1,149,149,returned_mapping_raw_guard_rerun
20260608,multi_coarse_q20_31,multi_coarse,20,20,500,True,0,386754,238844,1,37,37,candidate_contains_planted_raw_witness
20260608,multi_coarse_q20_32,multi_coarse,20,20,1000,True,0,737232,451632,1,1355,1355,candidate_contains_planted_raw_witness
20260608,multi_coarse_q20_33,multi_coarse,20,20,500,True,0,300365,71675,1,20,20,candidate_contains_planted_raw_witness
20260608,multi_coarse_q20_34,multi_coarse,20,20,500,True,0,480416,312161,1,36,36,candidate_contains_planted_raw_witness
20260608,multi_coarse_q20_35,multi_coarse,20,19,1000,True,0,603162,287737,1,30,30,candidate_contains_planted_raw_witness
20260608,multi_coarse_q20_36,multi_coarse,20,20,500,True,0,385801,181741,1,181,181,candidate_contains_planted_raw_witness
20260608,multi_coarse_q20_37,multi_coarse,20,20,500,True,0,398986,219358,1,1153,1153,candidate_contains_planted_raw_witness
20260608,multi_coarse_q20_39,multi_coarse,20,20,200,True,0,327757,183659,1,902,902,candidate_contains_planted_raw_witness
20260608,multi_coarse_q20_4,multi_coarse,20,20,1000,True,0,755689,506816,1,39,39,candidate_contains_planted_raw_witness
20260608,multi_coarse_q20_41,multi_coarse,20,20,200,True,0,105281,25301,1,21,21,candidate_contains_planted_raw_witness
20260608,multi_coarse_q20_42,multi_coarse,20,20,1000,True,0,438370,230523,1,23,23,candidate_contains_planted_raw_witness
20260608,multi_coarse_q20_46,multi_coarse,20,20,1000,True,0,325836,3388,1,20,20,candidate_contains_planted_raw_witness
20260608,multi_coarse_q20_48,multi_coarse,20,20,100,False,5,77891,37739,1,38,38,returned_mapping_raw_guard_rerun
20260608,multi_coarse_q20_5,multi_coarse,20,20,1000,True,0,544613,314238,1,29,29,candidate_contains_planted_raw_witness
20260608,multi_coarse_q20_6,multi_coarse,20,20,200,True,0,261410,115468,1,344,344,candidate_contains_planted_raw_witness
20260608,multi_coarse_q20_7,multi_coarse,20,20,1000,True,0,678565,301537,1,22,22,candidate_contains_planted_raw_witness
20260608,multi_coarse_q20_8,multi_coarse,20,20,500,True,0,395087,189783,1,1256,1256,candidate_contains_planted_raw_witness
20260608,multi_coarse_q20_9,multi_coarse,20,20,500,True,0,271555,75142,1,24,24,candidate_contains_planted_raw_witness
20260608,multi_coarse_q50_10,multi_coarse,50,50,1000,True,0,774846,423403,1,69,69,candidate_contains_planted_raw_witness
20260608,multi_coarse_q50_13,multi_coarse,50,50,1000,True,0,769375,469872,1,79,79,candidate_contains_planted_raw_witness
20260608,multi_coarse_q50_14,multi_coarse,50,50,500,True,0,596430,399340,1,127,127,candidate_contains_planted_raw_witness
20260608,multi_coarse_q50_15,multi_coarse,50,50,100,True,0,43451,3119,1,51,51,candidate_contains_planted_raw_witness
20260608,multi_coarse_q50_16,multi_coarse,50,50,500,True,0,451587,282883,1,694,694,candidate_contains_planted_raw_witness
20260608,multi_coarse_q50_18,multi_coarse,50,50,1000,True,0,459712,203014,1,75,75,candidate_contains_planted_raw_witness
20260608,multi_coarse_q50_19,multi_coarse,50,50,200,True,0,241525,145638,1,484,484,candidate_contains_planted_raw_witness
20260608,multi_coarse_q50_2,multi_coarse,50,48,1000,True,0,549294,339340,1,66,66,candidate_contains_planted_raw_witness
20260608,multi_coarse_q50_22,multi_coarse,50,50,500,True,0,524605,350607,1,911,911,candidate_contains_planted_raw_witness
20260608,multi_coarse_q50_23,multi_coarse,50,50,1000,True,0,783144,496846,1,92,92,candidate_contains_planted_raw_witness
20260608,multi_coarse_q50_24,multi_coarse,50,50,1000,True,0,621230,357419,1,77,77,candidate_contains_planted_raw_witness
20260608,multi_coarse_q50_25,multi_coarse,50,50,200,True,0,85250,4545,1,51,51,candidate_contains_planted_raw_witness
20260608,multi_coarse_q50_26,multi_coarse,50,50,500,True,0,312151,109223,1,80,80,candidate_contains_planted_raw_witness
20260608,multi_coarse_q50_27,multi_coarse,50,50,500,True,0,214611,38065,1,57,57,candidate_contains_planted_raw_witness
20260608,multi_coarse_q50_28,multi_coarse,50,50,500,True,0,376703,217148,1,88,88,candidate_contains_planted_raw_witness
20260608,multi_coarse_q50_29,multi_coarse,50,50,1000,True,0,712914,363683,1,76,76,candidate_contains_planted_raw_witness
20260608,multi_coarse_q50_3,multi_coarse,50,50,200,True,0,146690,79443,1,62,62,candidate_contains_planted_raw_witness
20260608,multi_coarse_q50_30,multi_coarse,50,50,100,True,0,42273,558,1,51,51,candidate_contains_planted_raw_witness
20260608,multi_coarse_q50_31,multi_coarse,50,50,500,True,0,400851,202632,1,68,68,candidate_contains_planted_raw_witness
20260608,multi_coarse_q50_32,multi_coarse,50,50,500,True,0,192479,54355,1,63,63,candidate_contains_planted_raw_witness
20260608,multi_coarse_q50_33,multi_coarse,50,50,1000,True,0,753012,528660,1,71,71,candidate_contains_planted_raw_witness
20260608,multi_coarse_q50_34,multi_coarse,50,50,1000,True,0,658839,452417,1,80,80,candidate_contains_planted_raw_witness
20260608,multi_coarse_q50_35,multi_coarse,50,48,1000,True,0,492902,148211,1,74,74,candidate_contains_planted_raw_witness
20260608,multi_coarse_q50_36,multi_coarse,50,50,500,False,9,457177,329949,1,596,596,returned_mapping_raw_guard_rerun
20260608,multi_coarse_q50_37,multi_coarse,50,50,500,True,0,301807,115151,1,63,63,candidate_contains_planted_raw_witness
20260608,multi_coarse_q50_38,multi_coarse,50,50,1000,True,0,673185,430867,1,507,507,candidate_contains_planted_raw_witness
20260608,multi_coarse_q50_39,multi_coarse,50,50,1000,True,0,642712,365192,1,66,66,candidate_contains_planted_raw_witness
20260608,multi_coarse_q50_4,multi_coarse,50,50,1000,True,0,794347,592099,1,328,328,candidate_contains_planted_raw_witness
20260608,multi_coarse_q50_40,multi_coarse,50,50,1000,True,0,503074,175375,1,59,59,candidate_contains_planted_raw_witness
20260608,multi_coarse_q50_41,multi_coarse,50,50,50,False,23,58412,36462,1,111,111,returned_mapping_raw_guard_rerun
20260608,multi_coarse_q50_42,multi_coarse,50,50,500,True,0,382944,157519,1,77,77,candidate_contains_planted_raw_witness
20260608,multi_coarse_q50_43,multi_coarse,50,50,1000,True,0,699492,480586,1,944,944,candidate_contains_planted_raw_witness
20260608,multi_coarse_q50_44,multi_coarse,50,50,1000,True,0,773936,525197,1,96,96,candidate_contains_planted_raw_witness
20260608,multi_coarse_q50_45,multi_coarse,50,50,1000,True,0,691577,412742,1,538,538,candidate_contains_planted_raw_witness
20260608,multi_coarse_q50_46,multi_coarse,50,50,1000,True,0,602271,399244,1,630,630,candidate_contains_planted_raw_witness
20260608,multi_coarse_q50_47,multi_coarse,50,50,100,False,22,124199,66002,1,98,98,returned_mapping_raw_guard_rerun
20260608,multi_coarse_q50_48,multi_coarse,50,50,1000,True,0,808898,506039,1,1190,1190,candidate_contains_planted_raw_witness
20260608,multi_coarse_q50_49,multi_coarse,50,50,200,True,0,132435,65512,1,60,60,candidate_contains_planted_raw_witness
20260608,multi_coarse_q50_5,multi_coarse,50,50,500,True,0,580065,384260,1,2276,2276,candidate_contains_planted_raw_witness
20260608,multi_coarse_q50_6,multi_coarse,50,50,1000,True,0,782301,430841,1,1526,1526,candidate_contains_planted_raw_witness
20260608,multi_coarse_q50_7,multi_coarse,50,50,1000,True,0,744082,537543,1,1860,1860,candidate_contains_planted_raw_witness
20260608,multi_coarse_q50_9,multi_coarse,50,50,500,True,0,351089,194415,1,71,71,candidate_contains_planted_raw_witness
20260608,multi_fine_q100_0,multi_fine,100,100,20,True,0,17745,7918,1,169,169,candidate_contains_planted_raw_witness
20260608,multi_fine_q100_1,multi_fine,100,100,20,True,0,37317,25408,1,1223,1223,candidate_contains_planted_raw_witness
20260608,multi_fine_q100_10,multi_fine,100,100,20,True,0,21759,13560,1,343,343,candidate_contains_planted_raw_witness
20260608,multi_fine_q100_11,multi_fine,100,100,20,True,0,27479,21730,1,491,491,candidate_contains_planted_raw_witness
20260608,multi_fine_q100_12,multi_fine,100,100,20,True,0,21893,9688,1,200,200,candidate_contains_planted_raw_witness
20260608,multi_fine_q100_13,multi_fine,100,100,20,True,0,47391,29643,1,901,901,candidate_contains_planted_raw_witness
20260608,multi_fine_q100_14,multi_fine,100,100,20,True,0,23377,13994,1,330,330,candidate_contains_planted_raw_witness
20260608,multi_fine_q100_15,multi_fine,100,100,20,True,0,24123,15290,1,166,166,candidate_contains_planted_raw_witness
20260608,multi_fine_q100_16,multi_fine,100,100,20,True,0,17148,9699,1,164,164,candidate_contains_planted_raw_witness
20260608,multi_fine_q100_17,multi_fine,100,100,20,True,0,48458,24413,1,356,356,candidate_contains_planted_raw_witness
20260608,multi_fine_q100_18,multi_fine,100,100,20,True,0,24355,13998,1,322,322,candidate_contains_planted_raw_witness
20260608,multi_fine_q100_19,multi_fine,100,100,20,True,0,24389,17375,1,371,371,candidate_contains_planted_raw_witness
20260608,multi_fine_q100_2,multi_fine,100,100,20,True,0,29578,19568,1,493,493,candidate_contains_planted_raw_witness
20260608,multi_fine_q100_20,multi_fine,100,100,20,True,0,23316,14527,1,298,298,candidate_contains_planted_raw_witness
20260608,multi_fine_q100_21,multi_fine,100,100,20,True,0,15248,3307,1,125,125,candidate_contains_planted_raw_witness
20260608,multi_fine_q100_22,multi_fine,100,100,20,True,0,45800,25547,1,613,613,candidate_contains_planted_raw_witness
20260608,multi_fine_q100_23,multi_fine,100,100,20,True,0,20083,9824,1,143,143,candidate_contains_planted_raw_witness
20260608,multi_fine_q100_24,multi_fine,100,100,20,True,0,19164,11411,1,152,152,candidate_contains_planted_raw_witness
20260608,multi_fine_q100_25,multi_fine,100,100,20,True,0,17193,10679,1,167,167,candidate_contains_planted_raw_witness
20260608,multi_fine_q100_26,multi_fine,100,100,20,True,0,53859,39726,1,1042,1042,candidate_contains_planted_raw_witness
20260608,multi_fine_q100_27,multi_fine,100,100,20,True,0,23422,4764,1,184,184,candidate_contains_planted_raw_witness
20260608,multi_fine_q100_28,multi_fine,100,100,20,True,0,19886,4600,1,157,157,candidate_contains_planted_raw_witness
20260608,multi_fine_q100_29,multi_fine,100,100,20,True,0,15992,6581,1,152,152,candidate_contains_planted_raw_witness
20260608,multi_fine_q100_3,multi_fine,100,100,20,True,0,24371,8823,1,161,161,candidate_contains_planted_raw_witness
20260608,multi_fine_q100_30,multi_fine,100,100,20,True,0,23735,14778,1,151,151,candidate_contains_planted_raw_witness
20260608,multi_fine_q100_31,multi_fine,100,100,20,True,0,37241,24079,1,374,374,candidate_contains_planted_raw_witness
20260608,multi_fine_q100_32,multi_fine,100,100,20,True,0,21686,14578,1,184,184,candidate_contains_planted_raw_witness
20260608,multi_fine_q100_33,multi_fine,100,100,20,True,0,22248,14938,1,306,306,candidate_contains_planted_raw_witness
20260608,multi_fine_q100_34,multi_fine,100,100,20,True,0,23335,12992,1,141,141,candidate_contains_planted_raw_witness
20260608,multi_fine_q100_35,multi_fine,100,100,20,True,0,23162,11185,1,151,151,candidate_contains_planted_raw_witness
20260608,multi_fine_q100_36,multi_fine,100,100,20,True,0,18918,9393,1,163,163,candidate_contains_planted_raw_witness
20260608,multi_fine_q100_37,multi_fine,100,100,20,True,0,50951,40782,1,971,971,candidate_contains_planted_raw_witness
20260608,multi_fine_q100_38,multi_fine,100,100,500,True,0,647203,429160,1,777,777,candidate_contains_planted_raw_witness
20260608,multi_fine_q100_39,multi_fine,100,100,20,True,0,16039,5157,1,163,163,candidate_contains_planted_raw_witness
20260608,multi_fine_q100_4,multi_fine,100,100,20,True,0,19126,9944,1,150,150,candidate_contains_planted_raw_witness
20260608,multi_fine_q100_40,multi_fine,100,100,20,True,0,29207,17572,1,668,668,candidate_contains_planted_raw_witness
20260608,multi_fine_q100_41,multi_fine,100,100,20,True,0,23600,12029,1,182,182,candidate_contains_planted_raw_witness
20260608,multi_fine_q100_42,multi_fine,100,100,50,True,0,51358,35260,1,174,174,candidate_contains_planted_raw_witness
20260608,multi_fine_q100_43,multi_fine,100,100,20,True,0,24467,12677,1,139,139,candidate_contains_planted_raw_witness
20260608,multi_fine_q100_44,multi_fine,100,100,20,True,0,17972,10815,1,198,198,candidate_contains_planted_raw_witness
20260608,multi_fine_q100_45,multi_fine,100,100,20,True,0,22423,1548,1,214,214,candidate_contains_planted_raw_witness
20260608,multi_fine_q100_46,multi_fine,100,100,20,True,0,23903,8315,1,310,310,candidate_contains_planted_raw_witness
20260608,multi_fine_q100_47,multi_fine,100,100,20,True,0,34471,25585,1,799,799,candidate_contains_planted_raw_witness
20260608,multi_fine_q100_48,multi_fine,100,100,20,True,0,18287,11167,1,169,169,candidate_contains_planted_raw_witness
20260608,multi_fine_q100_49,multi_fine,100,100,20,True,0,20297,12757,1,167,167,candidate_contains_planted_raw_witness
20260608,multi_fine_q100_5,multi_fine,100,100,20,True,0,15122,6470,1,162,162,candidate_contains_planted_raw_witness
20260608,multi_fine_q100_6,multi_fine,100,100,20,True,0,16458,1977,1,110,110,candidate_contains_planted_raw_witness
20260608,multi_fine_q100_7,multi_fine,100,100,20,True,0,15283,7275,1,124,124,candidate_contains_planted_raw_witness
20260608,multi_fine_q100_8,multi_fine,100,100,20,True,0,22120,12368,1,165,165,candidate_contains_planted_raw_witness
20260608,multi_fine_q100_9,multi_fine,100,100,20,True,0,15231,5427,1,118,118,candidate_contains_planted_raw_witness
20260608,multi_fine_q20_0,multi_fine,20,20,20,True,0,18189,7572,1,26,26,candidate_contains_planted_raw_witness
20260608,multi_fine_q20_1,multi_fine,20,20,50,True,0,27730,3995,1,22,22,candidate_contains_planted_raw_witness
20260608,multi_fine_q20_10,multi_fine,20,20,20,True,0,6309,204,1,20,20,candidate_contains_planted_raw_witness
20260608,multi_fine_q20_11,multi_fine,20,19,1000,True,0,455631,128753,1,20,20,candidate_contains_planted_raw_witness
20260608,multi_fine_q20_12,multi_fine,20,20,20,True,0,14356,1972,1,25,25,candidate_contains_planted_raw_witness
20260608,multi_fine_q20_13,multi_fine,20,20,20,True,0,14296,5586,1,34,34,candidate_contains_planted_raw_witness
20260608,multi_fine_q20_14,multi_fine,20,20,20,True,0,22204,10489,1,26,26,candidate_contains_planted_raw_witness
20260608,multi_fine_q20_15,multi_fine,20,20,20,True,0,14620,1190,1,26,26,candidate_contains_planted_raw_witness
20260608,multi_fine_q20_16,multi_fine,20,20,20,True,0,10317,2770,1,23,23,candidate_contains_planted_raw_witness
20260608,multi_fine_q20_17,multi_fine,20,20,200,True,0,106144,51496,1,46,46,candidate_contains_planted_raw_witness
20260608,multi_fine_q20_18,multi_fine,20,20,20,True,0,9343,705,1,20,20,candidate_contains_planted_raw_witness
20260608,multi_fine_q20_19,multi_fine,20,18,20,True,0,12526,3526,1,19,19,candidate_contains_planted_raw_witness
20260608,multi_fine_q20_2,multi_fine,20,20,20,True,0,8627,2122,1,25,25,candidate_contains_planted_raw_witness
20260608,multi_fine_q20_20,multi_fine,20,20,20,True,0,33956,14924,1,366,366,candidate_contains_planted_raw_witness
20260608,multi_fine_q20_21,multi_fine,20,20,20,True,0,10952,651,1,21,21,candidate_contains_planted_raw_witness
20260608,multi_fine_q20_22,multi_fine,20,20,50,True,0,31829,9510,1,31,31,candidate_contains_planted_raw_witness
20260608,multi_fine_q20_23,multi_fine,20,20,100,True,0,81267,51075,1,47,47,candidate_contains_planted_raw_witness
20260608,multi_fine_q20_24,multi_fine,20,20,1000,True,0,677168,514799,1,667,667,candidate_contains_planted_raw_witness
20260608,multi_fine_q20_25,multi_fine,20,20,20,True,0,15822,5442,1,33,33,candidate_contains_planted_raw_witness
20260608,multi_fine_q20_26,multi_fine,20,20,20,True,0,10042,5533,1,23,23,candidate_contains_planted_raw_witness
20260608,multi_fine_q20_27,multi_fine,20,20,20,True,0,5324,87,1,20,20,candidate_contains_planted_raw_witness
20260608,multi_fine_q20_28,multi_fine,20,20,20,True,0,12106,10861,1,29,29,candidate_contains_planted_raw_witness
20260608,multi_fine_q20_29,multi_fine,20,19,20,True,0,19467,10862,1,28,28,candidate_contains_planted_raw_witness
20260608,multi_fine_q20_3,multi_fine,20,20,100,True,0,100874,71850,1,139,139,candidate_contains_planted_raw_witness
20260608,multi_fine_q20_30,multi_fine,20,20,20,True,0,17249,3514,1,100,100,candidate_contains_planted_raw_witness
20260608,multi_fine_q20_31,multi_fine,20,20,50,True,0,28711,10498,1,25,25,candidate_contains_planted_raw_witness
20260608,multi_fine_q20_32,multi_fine,20,20,20,True,0,16490,5653,1,33,33,candidate_contains_planted_raw_witness
20260608,multi_fine_q20_33,multi_fine,20,20,20,True,0,5194,746,1,23,23,candidate_contains_planted_raw_witness
20260608,multi_fine_q20_34,multi_fine,20,20,20,True,0,10658,429,1,25,25,candidate_contains_planted_raw_witness
20260608,multi_fine_q20_35,multi_fine,20,19,20,True,0,53610,26915,1,980,980,candidate_contains_planted_raw_witness
20260608,multi_fine_q20_36,multi_fine,20,20,20,True,0,11773,1540,1,26,26,candidate_contains_planted_raw_witness
20260608,multi_fine_q20_37,multi_fine,20,20,20,True,0,16385,6306,1,31,31,candidate_contains_planted_raw_witness
20260608,multi_fine_q20_38,multi_fine,20,20,50,True,0,48271,10496,1,55,55,candidate_contains_planted_raw_witness
20260608,multi_fine_q20_39,multi_fine,20,20,20,True,0,14805,1173,1,26,26,candidate_contains_planted_raw_witness
20260608,multi_fine_q20_4,multi_fine,20,20,20,True,0,12340,1122,1,26,26,candidate_contains_planted_raw_witness
20260608,multi_fine_q20_40,multi_fine,20,20,500,True,0,480660,331399,1,1680,1680,candidate_contains_planted_raw_witness
20260608,multi_fine_q20_41,multi_fine,20,20,20,True,0,9631,177,1,21,21,candidate_contains_planted_raw_witness
20260608,multi_fine_q20_42,multi_fine,20,20,20,True,0,10066,2779,1,23,23,candidate_contains_planted_raw_witness
20260608,multi_fine_q20_43,multi_fine,20,20,50,True,0,20022,16108,1,33,33,candidate_contains_planted_raw_witness
20260608,multi_fine_q20_44,multi_fine,20,20,50,True,0,37001,17319,1,51,51,candidate_contains_planted_raw_witness
20260608,multi_fine_q20_45,multi_fine,20,20,20,True,0,8906,892,1,26,26,candidate_contains_planted_raw_witness
20260608,multi_fine_q20_46,multi_fine,20,20,20,True,0,10701,3030,1,20,20,candidate_contains_planted_raw_witness
20260608,multi_fine_q20_47,multi_fine,20,20,100,True,0,59126,26019,1,41,41,candidate_contains_planted_raw_witness
20260608,multi_fine_q20_48,multi_fine,20,20,20,True,0,11113,2141,1,20,20,candidate_contains_planted_raw_witness
20260608,multi_fine_q20_49,multi_fine,20,20,20,True,0,7571,158,1,20,20,candidate_contains_planted_raw_witness
20260608,multi_fine_q20_5,multi_fine,20,20,20,True,0,44368,24166,1,952,952,candidate_contains_planted_raw_witness
20260608,multi_fine_q20_6,multi_fine,20,20,20,True,0,11744,8166,1,31,31,candidate_contains_planted_raw_witness
20260608,multi_fine_q20_7,multi_fine,20,20,20,True,0,13527,5589,1,29,29,candidate_contains_planted_raw_witness
20260608,multi_fine_q20_8,multi_fine,20,20,100,True,0,42412,19898,1,23,23,candidate_contains_planted_raw_witness
20260608,multi_fine_q20_9,multi_fine,20,20,20,True,0,8662,259,1,21,21,candidate_contains_planted_raw_witness
20260608,multi_fine_q50_0,multi_fine,50,50,20,True,0,17920,4088,1,63,63,candidate_contains_planted_raw_witness
20260608,multi_fine_q50_1,multi_fine,50,50,20,True,0,18795,9112,1,86,86,candidate_contains_planted_raw_witness
20260608,multi_fine_q50_10,multi_fine,50,50,20,True,0,21739,13903,1,140,140,candidate_contains_planted_raw_witness
20260608,multi_fine_q50_11,multi_fine,50,50,20,True,0,20014,4308,1,58,58,candidate_contains_planted_raw_witness
20260608,multi_fine_q50_12,multi_fine,50,50,20,True,0,15616,7679,1,74,74,candidate_contains_planted_raw_witness
20260608,multi_fine_q50_13,multi_fine,50,50,20,True,0,20839,10513,1,84,84,candidate_contains_planted_raw_witness
20260608,multi_fine_q50_14,multi_fine,50,50,20,True,0,20715,6430,1,73,73,candidate_contains_planted_raw_witness
20260608,multi_fine_q50_15,multi_fine,50,50,500,True,0,438210,288989,1,129,129,candidate_contains_planted_raw_witness
20260608,multi_fine_q50_16,multi_fine,50,50,20,True,0,12142,6329,1,67,67,candidate_contains_planted_raw_witness
20260608,multi_fine_q50_17,multi_fine,50,50,20,True,0,19298,13471,1,93,93,candidate_contains_planted_raw_witness
20260608,multi_fine_q50_18,multi_fine,50,50,100,True,0,88436,65448,1,298,298,candidate_contains_planted_raw_witness
20260608,multi_fine_q50_19,multi_fine,50,50,20,True,0,19470,5148,1,69,69,candidate_contains_planted_raw_witness
20260608,multi_fine_q50_2,multi_fine,50,50,20,True,0,22994,15226,1,69,69,candidate_contains_planted_raw_witness
20260608,multi_fine_q50_20,multi_fine,50,50,20,True,0,24022,15445,1,95,95,candidate_contains_planted_raw_witness
20260608,multi_fine_q50_21,multi_fine,50,50,20,True,0,16932,5251,1,61,61,candidate_contains_planted_raw_witness
20260608,multi_fine_q50_22,multi_fine,50,50,20,True,0,20109,6721,1,60,60,candidate_contains_planted_raw_witness
20260608,multi_fine_q50_23,multi_fine,50,50,20,True,0,18527,11223,1,164,164,candidate_contains_planted_raw_witness
20260608,multi_fine_q50_24,multi_fine,50,50,20,True,0,17232,7333,1,100,100,candidate_contains_planted_raw_witness
20260608,multi_fine_q50_25,multi_fine,50,50,20,True,0,21120,14483,1,139,139,candidate_contains_planted_raw_witness
20260608,multi_fine_q50_26,multi_fine,50,50,20,True,0,19287,12073,1,86,86,candidate_contains_planted_raw_witness
20260608,multi_fine_q50_27,multi_fine,50,50,20,True,0,15968,8870,1,61,61,candidate_contains_planted_raw_witness
20260608,multi_fine_q50_28,multi_fine,50,50,20,True,0,18066,5427,1,61,61,candidate_contains_planted_raw_witness
20260608,multi_fine_q50_29,multi_fine,50,50,20,True,0,17984,13328,1,85,85,candidate_contains_planted_raw_witness
20260608,multi_fine_q50_3,multi_fine,50,50,20,True,0,20383,11260,1,104,104,candidate_contains_planted_raw_witness
20260608,multi_fine_q50_30,multi_fine,50,50,20,True,0,13567,7417,1,97,97,candidate_contains_planted_raw_witness
20260608,multi_fine_q50_31,multi_fine,50,50,20,True,0,20647,9975,1,90,90,candidate_contains_planted_raw_witness
20260608,multi_fine_q50_32,multi_fine,50,50,20,True,0,21726,10024,1,92,92,candidate_contains_planted_raw_witness
20260608,multi_fine_q50_33,multi_fine,50,50,100,True,0,54395,7941,1,63,63,candidate_contains_planted_raw_witness
20260608,multi_fine_q50_34,multi_fine,50,50,100,True,0,113765,24549,1,66,66,candidate_contains_planted_raw_witness
20260608,multi_fine_q50_35,multi_fine,50,50,20,True,0,21737,9236,1,85,85,candidate_contains_planted_raw_witness
20260608,multi_fine_q50_36,multi_fine,50,50,20,True,0,12741,3029,1,64,64,candidate_contains_planted_raw_witness
20260608,multi_fine_q50_37,multi_fine,50,50,20,True,0,21180,13462,1,102,102,candidate_contains_planted_raw_witness
20260608,multi_fine_q50_38,multi_fine,50,50,20,True,0,14503,4806,1,80,80,candidate_contains_planted_raw_witness
20260608,multi_fine_q50_39,multi_fine,50,50,20,True,0,13452,3089,1,58,58,candidate_contains_planted_raw_witness
20260608,multi_fine_q50_4,multi_fine,50,50,20,True,0,7687,2227,1,52,52,candidate_contains_planted_raw_witness
20260608,multi_fine_q50_40,multi_fine,50,50,20,True,0,12336,371,1,50,50,candidate_contains_planted_raw_witness
20260608,multi_fine_q50_41,multi_fine,50,50,20,True,0,13871,1926,1,67,67,candidate_contains_planted_raw_witness
20260608,multi_fine_q50_42,multi_fine,50,50,20,True,0,8559,4498,1,75,75,candidate_contains_planted_raw_witness
20260608,multi_fine_q50_43,multi_fine,50,50,20,True,0,21056,13571,1,96,96,candidate_contains_planted_raw_witness
20260608,multi_fine_q50_44,multi_fine,50,50,20,True,0,20571,9740,1,87,87,candidate_contains_planted_raw_witness
20260608,multi_fine_q50_45,multi_fine,50,50,20,True,0,15145,3668,1,60,60,candidate_contains_planted_raw_witness
20260608,multi_fine_q50_46,multi_fine,50,50,20,True,0,22547,6563,1,113,113,candidate_contains_planted_raw_witness
20260608,multi_fine_q50_47,multi_fine,50,50,20,True,0,33809,18712,1,404,404,candidate_contains_planted_raw_witness
20260608,multi_fine_q50_48,multi_fine,50,50,100,True,0,95879,69426,1,248,248,candidate_contains_planted_raw_witness
20260608,multi_fine_q50_49,multi_fine,50,50,20,True,0,16314,2994,1,63,63,candidate_contains_planted_raw_witness
20260608,multi_fine_q50_5,multi_fine,50,50,20,True,0,23110,10523,1,65,65,candidate_contains_planted_raw_witness
20260608,multi_fine_q50_6,multi_fine,50,50,20,True,0,15959,6238,1,116,116,candidate_contains_planted_raw_witness
20260608,multi_fine_q50_7,multi_fine,50,50,20,True,0,15614,2287,1,69,69,candidate_contains_planted_raw_witness
20260608,multi_fine_q50_8,multi_fine,50,48,20,True,0,19515,14170,1,76,76,candidate_contains_planted_raw_witness
20260608,multi_fine_q50_9,multi_fine,50,50,50,True,0,48410,23109,1,296,296,candidate_contains_planted_raw_witness
20260608,random_walk_q100_11,random_walk,100,100,500,True,0,544670,318124,1,2542,2542,candidate_contains_planted_raw_witness
20260608,random_walk_q100_12,random_walk,100,100,1000,True,0,705479,353168,1,1597,1597,candidate_contains_planted_raw_witness
20260608,random_walk_q100_15,random_walk,100,100,1000,True,0,631972,404749,1,562,562,candidate_contains_planted_raw_witness
20260608,random_walk_q100_16,random_walk,100,100,1000,True,0,746933,534758,1,3694,3694,candidate_contains_planted_raw_witness
20260608,random_walk_q100_18,random_walk,100,100,1000,True,0,336510,75663,1,529,529,candidate_contains_planted_raw_witness
20260608,random_walk_q100_2,random_walk,100,100,1000,True,0,658523,342663,1,211,211,candidate_contains_planted_raw_witness
20260608,random_walk_q100_20,random_walk,100,100,1000,True,0,455753,101646,1,111,111,candidate_contains_planted_raw_witness
20260608,random_walk_q100_23,random_walk,100,100,50,True,0,61318,2528,1,1230,1230,candidate_contains_planted_raw_witness
20260608,random_walk_q100_24,random_walk,100,100,1000,True,0,698503,320816,1,739,739,candidate_contains_planted_raw_witness
20260608,random_walk_q100_28,random_walk,100,100,1000,True,0,780938,546866,1,956,956,candidate_contains_planted_raw_witness
20260608,random_walk_q100_32,random_walk,100,100,1000,True,0,662137,389993,1,11465,11465,candidate_contains_planted_raw_witness
20260608,random_walk_q100_33,random_walk,100,100,500,True,0,365835,157334,1,128,128,candidate_contains_planted_raw_witness
20260608,random_walk_q100_34,random_walk,100,100,1000,True,0,905535,504604,1,1780,1780,candidate_contains_planted_raw_witness
20260608,random_walk_q100_35,random_walk,100,100,500,False,1,432363,240785,1,2371,2371,returned_mapping_raw_guard_rerun
20260608,random_walk_q100_38,random_walk,100,100,1000,True,0,733105,345992,1,1653,1653,candidate_contains_planted_raw_witness
20260608,random_walk_q100_41,random_walk,100,100,1000,True,0,203179,112620,1,112,112,candidate_contains_planted_raw_witness
20260608,random_walk_q100_42,random_walk,100,100,1000,True,0,695883,375871,1,188,188,candidate_contains_planted_raw_witness
20260608,random_walk_q100_43,random_walk,100,100,1000,False,2,668555,360544,1,757,757,returned_mapping_raw_guard_rerun
20260608,random_walk_q100_45,random_walk,100,100,1000,True,0,403237,113185,1,131,131,candidate_contains_planted_raw_witness
20260608,random_walk_q100_47,random_walk,100,100,1000,True,0,700046,427484,1,634,634,candidate_contains_planted_raw_witness
20260608,random_walk_q100_8,random_walk,100,100,1000,True,0,354146,124673,1,407,407,candidate_contains_planted_raw_witness
20260608,random_walk_q100_9,random_walk,100,100,1000,True,0,852301,459066,1,1931,1931,candidate_contains_planted_raw_witness
20260608,random_walk_q20_1,random_walk,20,20,500,True,0,197173,41461,1,21,21,candidate_contains_planted_raw_witness
20260608,random_walk_q20_10,random_walk,20,20,50,True,0,3264,27,1,21,21,candidate_contains_planted_raw_witness
20260608,random_walk_q20_11,random_walk,20,20,50,True,0,12709,292,1,24,24,candidate_contains_planted_raw_witness
20260608,random_walk_q20_12,random_walk,20,20,500,True,0,116257,65514,1,22,22,candidate_contains_planted_raw_witness
20260608,random_walk_q20_13,random_walk,20,20,200,False,2,169899,10718,1,106,106,returned_mapping_raw_guard_rerun
20260608,random_walk_q20_14,random_walk,20,20,100,True,0,26667,15064,1,24,24,candidate_contains_planted_raw_witness
20260608,random_walk_q20_16,random_walk,20,20,100,True,0,73954,13373,1,23,23,candidate_contains_planted_raw_witness
20260608,random_walk_q20_17,random_walk,20,20,200,True,0,93957,2887,1,23,23,candidate_contains_planted_raw_witness
20260608,random_walk_q20_19,random_walk,20,20,50,True,0,9174,34,1,20,20,candidate_contains_planted_raw_witness
20260608,random_walk_q20_2,random_walk,20,20,500,True,0,45788,1310,1,21,21,candidate_contains_planted_raw_witness
20260608,random_walk_q20_20,random_walk,20,20,500,False,1,399352,215531,1,84,84,returned_mapping_raw_guard_rerun
20260608,random_walk_q20_21,random_walk,20,20,1000,True,0,440165,388681,1,27,27,candidate_contains_planted_raw_witness
20260608,random_walk_q20_22,random_walk,20,20,1000,True,0,478270,391006,1,25,25,candidate_contains_planted_raw_witness
20260608,random_walk_q20_23,random_walk,20,20,500,True,0,214295,84703,1,28,28,candidate_contains_planted_raw_witness
20260608,random_walk_q20_24,random_walk,20,20,500,True,0,217672,94431,1,1032,1032,candidate_contains_planted_raw_witness
20260608,random_walk_q20_25,random_walk,20,20,20,True,0,6923,23,1,20,20,candidate_contains_planted_raw_witness
20260608,random_walk_q20_26,random_walk,20,20,500,True,0,329684,138199,1,37,37,candidate_contains_planted_raw_witness
20260608,random_walk_q20_27,random_walk,20,20,200,True,0,94842,10824,1,27,27,candidate_contains_planted_raw_witness
20260608,random_walk_q20_28,random_walk,20,20,1000,False,1,676208,365307,1,70,70,returned_mapping_raw_guard_rerun
20260608,random_walk_q20_29,random_walk,20,20,200,True,0,65320,7217,1,28,28,candidate_contains_planted_raw_witness
20260608,random_walk_q20_3,random_walk,20,20,1000,True,0,287340,53795,1,1441,1441,candidate_contains_planted_raw_witness
20260608,random_walk_q20_30,random_walk,20,20,100,True,0,134876,4963,1,134,134,candidate_contains_planted_raw_witness
20260608,random_walk_q20_31,random_walk,20,20,500,True,0,301461,74848,1,34,34,candidate_contains_planted_raw_witness
20260608,random_walk_q20_32,random_walk,20,20,200,True,0,98721,1860,1,21,21,candidate_contains_planted_raw_witness
20260608,random_walk_q20_33,random_walk,20,20,200,True,0,54179,267,1,20,20,candidate_contains_planted_raw_witness
20260608,random_walk_q20_34,random_walk,20,20,200,False,1,92995,27750,1,57,57,returned_mapping_raw_guard_rerun
20260608,random_walk_q20_35,random_walk,20,20,1000,True,0,569033,259420,1,41,41,candidate_contains_planted_raw_witness
20260608,random_walk_q20_36,random_walk,20,20,50,True,0,15022,270,1,21,21,candidate_contains_planted_raw_witness
20260608,random_walk_q20_37,random_walk,20,20,500,True,0,265310,66465,1,22,22,candidate_contains_planted_raw_witness
20260608,random_walk_q20_38,random_walk,20,20,200,True,0,190190,96767,1,628,628,candidate_contains_planted_raw_witness
20260608,random_walk_q20_39,random_walk,20,20,100,True,0,34008,19633,1,20,20,candidate_contains_planted_raw_witness
20260608,random_walk_q20_4,random_walk,20,20,1000,True,0,357966,32197,1,89,89,candidate_contains_planted_raw_witness
20260608,random_walk_q20_40,random_walk,20,20,100,True,0,42456,7552,1,101,101,candidate_contains_planted_raw_witness
20260608,random_walk_q20_41,random_walk,20,20,1000,True,0,626664,290609,1,24,24,candidate_contains_planted_raw_witness
20260608,random_walk_q20_42,random_walk,20,20,1000,True,0,736840,458371,1,1139,1139,candidate_contains_planted_raw_witness
20260608,random_walk_q20_43,random_walk,20,20,500,True,0,468829,297174,1,207,207,candidate_contains_planted_raw_witness
20260608,random_walk_q20_45,random_walk,20,20,1000,True,0,611572,352641,1,70,70,candidate_contains_planted_raw_witness
20260608,random_walk_q20_46,random_walk,20,20,1000,True,0,397091,166674,1,29,29,candidate_contains_planted_raw_witness
20260608,random_walk_q20_47,random_walk,20,20,200,True,0,65848,4367,1,20,20,candidate_contains_planted_raw_witness
20260608,random_walk_q20_48,random_walk,20,20,500,False,1,325633,170758,1,44,44,returned_mapping_raw_guard_rerun
20260608,random_walk_q20_49,random_walk,20,20,200,True,0,23833,20071,1,23,23,candidate_contains_planted_raw_witness
20260608,random_walk_q20_5,random_walk,20,20,500,True,0,189011,20375,1,23,23,candidate_contains_planted_raw_witness
20260608,random_walk_q20_6,random_walk,20,20,500,True,0,90160,58040,1,26,26,candidate_contains_planted_raw_witness
20260608,random_walk_q20_7,random_walk,20,20,100,True,0,65331,449,1,21,21,candidate_contains_planted_raw_witness
20260608,random_walk_q20_8,random_walk,20,20,1000,True,0,169816,118098,1,23,23,candidate_contains_planted_raw_witness
20260608,random_walk_q20_9,random_walk,20,20,50,True,0,26394,4959,1,24,24,candidate_contains_planted_raw_witness
20260608,random_walk_q50_1,random_walk,50,50,1000,True,0,690879,417875,1,1807,1807,candidate_contains_planted_raw_witness
20260608,random_walk_q50_11,random_walk,50,50,500,True,0,102433,52274,1,52,52,candidate_contains_planted_raw_witness
20260608,random_walk_q50_12,random_walk,50,50,1000,True,0,335781,39468,1,225,225,candidate_contains_planted_raw_witness
20260608,random_walk_q50_13,random_walk,50,50,500,True,0,510050,327085,1,867,867,candidate_contains_planted_raw_witness
20260608,random_walk_q50_15,random_walk,50,50,200,True,0,172328,96130,1,120,120,candidate_contains_planted_raw_witness
20260608,random_walk_q50_16,random_walk,50,50,1000,True,0,354643,51614,1,189,189,candidate_contains_planted_raw_witness
20260608,random_walk_q50_17,random_walk,50,50,1000,True,0,595160,248117,1,68,68,candidate_contains_planted_raw_witness
20260608,random_walk_q50_18,random_walk,50,50,500,True,0,234805,1750,1,54,54,candidate_contains_planted_raw_witness
20260608,random_walk_q50_19,random_walk,50,50,1000,False,1,336845,272202,1,543,543,returned_mapping_raw_guard_rerun
20260608,random_walk_q50_2,random_walk,50,50,1000,True,0,764211,424760,1,332,332,candidate_contains_planted_raw_witness
20260608,random_walk_q50_20,random_walk,50,50,1000,True,0,349573,55312,1,195,195,candidate_contains_planted_raw_witness
20260608,random_walk_q50_21,random_walk,50,50,1000,True,0,473038,192469,1,66,66,candidate_contains_planted_raw_witness
20260608,random_walk_q50_22,random_walk,50,50,500,False,1,402617,20715,1,907,907,returned_mapping_raw_guard_rerun
20260608,random_walk_q50_23,random_walk,50,50,1000,True,0,521410,161980,1,73,73,candidate_contains_planted_raw_witness
20260608,random_walk_q50_25,random_walk,50,50,20,True,0,40878,2953,1,452,452,candidate_contains_planted_raw_witness
20260608,random_walk_q50_26,random_walk,50,50,1000,True,0,595706,363557,1,2700,2700,candidate_contains_planted_raw_witness
20260608,random_walk_q50_27,random_walk,50,50,1000,True,0,633012,335701,1,277,277,candidate_contains_planted_raw_witness
20260608,random_walk_q50_28,random_walk,50,50,500,False,1,216562,74574,1,71,71,returned_mapping_raw_guard_rerun
20260608,random_walk_q50_29,random_walk,50,50,500,True,0,330758,128167,1,61,61,candidate_contains_planted_raw_witness
20260608,random_walk_q50_3,random_walk,50,50,1000,False,1,351210,147855,1,523,523,returned_mapping_raw_guard_rerun
20260608,random_walk_q50_30,random_walk,50,50,1000,True,0,334358,144909,1,70,70,candidate_contains_planted_raw_witness
20260608,random_walk_q50_31,random_walk,50,50,500,True,0,292182,112837,1,2186,2186,candidate_contains_planted_raw_witness
20260608,random_walk_q50_32,random_walk,50,50,500,True,0,350425,197764,1,436,436,candidate_contains_planted_raw_witness
20260608,random_walk_q50_33,random_walk,50,50,1000,True,0,120619,4628,1,55,55,candidate_contains_planted_raw_witness
20260608,random_walk_q50_35,random_walk,50,50,500,False,1,421124,198507,1,86,86,returned_mapping_raw_guard_rerun
20260608,random_walk_q50_36,random_walk,50,50,500,True,0,223401,67638,1,105,105,candidate_contains_planted_raw_witness
20260608,random_walk_q50_37,random_walk,50,50,500,True,0,257604,5703,1,72,72,candidate_contains_planted_raw_witness
20260608,random_walk_q50_38,random_walk,50,50,1000,True,0,467328,174656,1,3249,3249,candidate_contains_planted_raw_witness
20260608,random_walk_q50_4,random_walk,50,50,1000,True,0,657813,364254,1,709,709,candidate_contains_planted_raw_witness
20260608,random_walk_q50_40,random_walk,50,50,1000,True,0,579040,307000,1,932,932,candidate_contains_planted_raw_witness
20260608,random_walk_q50_41,random_walk,50,50,1000,True,0,603675,329186,1,1047,1047,candidate_contains_planted_raw_witness
20260608,random_walk_q50_42,random_walk,50,50,1000,False,1,636278,260050,1,355,355,returned_mapping_raw_guard_rerun
20260608,random_walk_q50_43,random_walk,50,50,100,True,0,186237,75516,1,780,780,candidate_contains_planted_raw_witness
20260608,random_walk_q50_44,random_walk,50,50,50,True,0,2921,63,1,50,50,candidate_contains_planted_raw_witness
20260608,random_walk_q50_45,random_walk,50,50,500,True,0,264310,25963,1,56,56,candidate_contains_planted_raw_witness
20260608,random_walk_q50_46,random_walk,50,50,1000,True,0,737568,370593,1,1763,1763,candidate_contains_planted_raw_witness
20260608,random_walk_q50_47,random_walk,50,50,500,True,0,210671,13627,1,59,59,candidate_contains_planted_raw_witness
20260608,random_walk_q50_48,random_walk,50,50,200,False,1,335055,116649,1,4156,4156,returned_mapping_raw_guard_rerun
20260608,random_walk_q50_5,random_walk,50,50,1000,True,0,315901,8855,1,53,53,candidate_contains_planted_raw_witness
20260608,random_walk_q50_6,random_walk,50,50,1000,True,0,356890,15115,1,51,51,candidate_contains_planted_raw_witness
20260608,random_walk_q50_7,random_walk,50,50,100,True,0,59453,484,1,51,51,candidate_contains_planted_raw_witness
20260608,random_walk_q50_8,random_walk,50,50,50,True,0,23534,414,1,343,343,candidate_contains_planted_raw_witness
20260608,random_walk_q50_9,random_walk,50,50,500,True,0,265485,197564,1,65,65,candidate_contains_planted_raw_witness
20260608,single_q100_0,single,100,100,200,True,0,443328,350292,1,912,912,candidate_contains_planted_raw_witness
20260608,single_q100_1,single,100,100,20,True,0,21231,10767,1,186,186,candidate_contains_planted_raw_witness
20260608,single_q100_10,single,100,100,20,True,0,18672,10948,1,145,145,candidate_contains_planted_raw_witness
20260608,single_q100_11,single,100,100,20,True,0,25872,12728,1,165,165,candidate_contains_planted_raw_witness
20260608,single_q100_12,single,100,100,50,True,0,243111,160265,1,3259,3259,candidate_contains_planted_raw_witness
20260608,single_q100_13,single,100,100,20,True,0,16058,2240,1,150,150,candidate_contains_planted_raw_witness
20260608,single_q100_14,single,100,100,20,True,0,20326,13045,1,568,568,candidate_contains_planted_raw_witness
20260608,single_q100_15,single,100,100,20,True,0,26976,10117,1,189,189,candidate_contains_planted_raw_witness
20260608,single_q100_16,single,100,100,20,True,0,16557,7544,1,139,139,candidate_contains_planted_raw_witness
20260608,single_q100_17,single,100,100,20,True,0,14594,4725,1,138,138,candidate_contains_planted_raw_witness
20260608,single_q100_18,single,100,100,20,True,0,23050,13419,1,146,146,candidate_contains_planted_raw_witness
20260608,single_q100_19,single,100,100,20,True,0,17956,1274,1,122,122,candidate_contains_planted_raw_witness
20260608,single_q100_2,single,100,100,20,True,0,22546,13702,1,184,184,candidate_contains_planted_raw_witness
20260608,single_q100_20,single,100,100,20,True,0,26438,14271,1,428,428,candidate_contains_planted_raw_witness
20260608,single_q100_21,single,100,100,200,True,0,173036,123471,1,116,116,candidate_contains_planted_raw_witness
20260608,single_q100_22,single,100,100,20,True,0,18316,5452,1,150,150,candidate_contains_planted_raw_witness
20260608,single_q100_23,single,100,100,200,True,0,212473,141636,1,212,212,candidate_contains_planted_raw_witness
20260608,single_q100_24,single,100,100,50,True,0,41893,24809,1,111,111,candidate_contains_planted_raw_witness
20260608,single_q100_25,single,100,100,20,True,0,20712,11874,1,215,215,candidate_contains_planted_raw_witness
20260608,single_q100_26,single,100,100,20,True,0,24031,14269,1,220,220,candidate_contains_planted_raw_witness
20260608,single_q100_27,single,100,100,50,True,0,44898,11805,1,133,133,candidate_contains_planted_raw_witness
20260608,single_q100_28,single,100,100,20,True,0,21747,4462,1,260,260,candidate_contains_planted_raw_witness
20260608,single_q100_29,single,100,100,20,True,0,18355,7003,1,133,133,candidate_contains_planted_raw_witness
20260608,single_q100_3,single,100,100,20,True,0,25065,13846,1,218,218,candidate_contains_planted_raw_witness
20260608,single_q100_30,single,100,100,200,True,0,277248,217215,1,443,443,candidate_contains_planted_raw_witness
20260608,single_q100_31,single,100,100,20,True,0,3756,100,1,100,100,candidate_contains_planted_raw_witness
20260608,single_q100_32,single,100,100,20,True,0,19941,9600,1,182,182,candidate_contains_planted_raw_witness
20260608,single_q100_33,single,100,100,20,True,0,15962,1606,1,124,124,candidate_contains_planted_raw_witness
20260608,single_q100_34,single,100,100,500,True,0,642389,533297,1,493,493,candidate_contains_planted_raw_witness
20260608,single_q100_35,single,100,100,20,True,0,18698,13187,1,164,164,candidate_contains_planted_raw_witness
20260608,single_q100_36,single,100,100,200,True,0,427954,326331,1,1568,1568,candidate_contains_planted_raw_witness
20260608,single_q100_37,single,100,100,20,True,0,18937,1755,1,117,117,candidate_contains_planted_raw_witness
20260608,single_q100_38,single,100,100,200,True,0,157848,88898,1,126,126,candidate_contains_planted_raw_witness
20260608,single_q100_39,single,100,100,20,True,0,20782,9738,1,155,155,candidate_contains_planted_raw_witness
20260608,single_q100_4,single,100,100,20,True,0,21454,12824,1,157,157,candidate_contains_planted_raw_witness
20260608,single_q100_40,single,100,100,20,True,0,24044,6303,1,157,157,candidate_contains_planted_raw_witness
20260608,single_q100_41,single,100,100,20,True,0,20763,6397,1,125,125,candidate_contains_planted_raw_witness
20260608,single_q100_42,single,100,95,20,True,0,25823,16381,1,141,141,candidate_contains_planted_raw_witness
20260608,single_q100_43,single,100,100,100,True,0,119038,87583,1,118,118,candidate_contains_planted_raw_witness
20260608,single_q100_44,single,100,100,20,True,0,25041,15785,1,305,305,candidate_contains_planted_raw_witness
20260608,single_q100_45,single,100,100,20,True,0,11681,2027,1,144,144,candidate_contains_planted_raw_witness
20260608,single_q100_46,single,100,100,20,True,0,23174,10945,1,380,380,candidate_contains_planted_raw_witness
20260608,single_q100_47,single,100,100,20,True,0,20315,10895,1,150,150,candidate_contains_planted_raw_witness
20260608,single_q100_48,single,100,100,20,True,0,21333,12447,1,142,142,candidate_contains_planted_raw_witness
20260608,single_q100_49,single,100,100,100,True,0,110951,74475,1,122,122,candidate_contains_planted_raw_witness
20260608,single_q100_5,single,100,100,20,True,0,22286,10844,1,161,161,candidate_contains_planted_raw_witness
20260608,single_q100_6,single,100,100,20,True,0,21913,10726,1,284,284,candidate_contains_planted_raw_witness
20260608,single_q100_7,single,100,100,20,True,0,20543,13559,1,228,228,candidate_contains_planted_raw_witness
20260608,single_q100_8,single,100,100,20,True,0,20372,12875,1,142,142,candidate_contains_planted_raw_witness
20260608,single_q100_9,single,100,100,20,True,0,7893,1881,1,118,118,candidate_contains_planted_raw_witness
20260608,single_q20_0,single,20,20,500,True,0,577390,391785,1,733,733,candidate_contains_planted_raw_witness
20260608,single_q20_1,single,20,20,20,True,0,14622,2725,1,21,21,candidate_contains_planted_raw_witness
20260608,single_q20_10,single,20,20,50,False,18,52656,33628,1,206,206,returned_mapping_raw_guard_rerun
20260608,single_q20_11,single,20,16,200,True,0,137565,98057,1,16,16,candidate_contains_planted_raw_witness
20260608,single_q20_12,single,20,20,20,True,0,15807,3029,1,29,29,candidate_contains_planted_raw_witness
20260608,single_q20_13,single,20,20,500,False,17,474624,347665,1,49,49,returned_mapping_raw_guard_rerun
20260608,single_q20_14,single,20,20,500,True,0,220336,48504,1,27,27,candidate_contains_planted_raw_witness
20260608,single_q20_15,single,20,20,100,True,0,45792,1999,1,21,21,candidate_contains_planted_raw_witness
20260608,single_q20_16,single,20,20,20,True,0,9194,2177,1,26,26,candidate_contains_planted_raw_witness
20260608,single_q20_17,single,20,20,20,True,0,14368,7019,1,30,30,candidate_contains_planted_raw_witness
20260608,single_q20_18,single,20,20,20,True,0,3356,639,1,23,23,candidate_contains_planted_raw_witness
20260608,single_q20_19,single,20,20,200,True,0,126202,39755,1,23,23,candidate_contains_planted_raw_witness
20260608,single_q20_2,single,20,20,20,True,0,11419,214,1,23,23,candidate_contains_planted_raw_witness
20260608,single_q20_20,single,20,20,200,True,0,141733,102851,1,61,61,candidate_contains_planted_raw_witness
20260608,single_q20_21,single,20,20,20,True,0,35102,26970,1,772,772,candidate_contains_planted_raw_witness
20260608,single_q20_22,single,20,20,500,True,0,231210,86639,1,21,21,candidate_contains_planted_raw_witness
20260608,single_q20_23,single,20,20,20,True,0,12688,1578,1,22,22,candidate_contains_planted_raw_witness
20260608,single_q20_24,single,20,20,50,True,0,23581,5725,1,29,29,candidate_contains_planted_raw_witness
20260608,single_q20_25,single,20,20,20,True,0,11068,5300,1,26,26,candidate_contains_planted_raw_witness
20260608,single_q20_26,single,20,20,20,True,0,14547,8357,1,24,24,candidate_contains_planted_raw_witness
20260608,single_q20_27,single,20,20,100,True,0,71603,27846,1,33,33,candidate_contains_planted_raw_witness
20260608,single_q20_28,single,20,20,20,True,0,9477,93,1,20,20,candidate_contains_planted_raw_witness
20260608,single_q20_29,single,20,20,20,True,0,8195,760,1,21,21,candidate_contains_planted_raw_witness
20260608,single_q20_3,single,20,20,20,True,0,11853,3197,1,25,25,candidate_contains_planted_raw_witness
20260608,single_q20_30,single,20,20,20,True,0,16356,3745,1,27,27,candidate_contains_planted_raw_witness
20260608,single_q20_31,single,20,20,20,True,0,6212,3786,1,30,30,candidate_contains_planted_raw_witness
20260608,single_q20_32,single,20,20,20,True,0,21193,8431,1,22,22,candidate_contains_planted_raw_witness
20260608,single_q20_33,single,20,10,500,True,0,286821,144050,1,10,10,candidate_contains_planted_raw_witness
20260608,single_q20_34,single,20,20,20,True,0,6723,4355,1,31,31,candidate_contains_planted_raw_witness
20260608,single_q20_35,single,20,20,100,True,0,59638,41216,1,29,29,candidate_contains_planted_raw_witness
20260608,single_q20_36,single,20,20,20,True,0,50576,27638,1,559,559,candidate_contains_planted_raw_witness
20260608,single_q20_37,single,20,20,500,False,14,343258,209629,2,131,41,returned_mapping_raw_guard_rerun
20260608,single_q20_38,single,20,20,500,True,0,338546,164735,1,24,24,candidate_contains_planted_raw_witness
20260608,single_q20_39,single,20,20,20,True,0,27275,18843,1,440,440,candidate_contains_planted_raw_witness
20260608,single_q20_4,single,20,20,100,True,0,43207,41373,1,34,34,candidate_contains_planted_raw_witness
20260608,single_q20_40,single,20,20,20,True,0,12189,1860,1,24,24,candidate_contains_planted_raw_witness
20260608,single_q20_41,single,20,20,50,True,0,20917,1149,1,22,22,candidate_contains_planted_raw_witness
20260608,single_q20_42,single,20,20,20,True,0,2104,33,1,20,20,candidate_contains_planted_raw_witness
20260608,single_q20_43,single,20,20,50,True,0,46781,27826,1,1203,1203,candidate_contains_planted_raw_witness
20260608,single_q20_44,single,20,20,20,True,0,23820,3684,1,33,33,candidate_contains_planted_raw_witness
20260608,single_q20_45,single,20,20,200,True,0,72598,13985,1,21,21,candidate_contains_planted_raw_witness
20260608,single_q20_46,single,20,20,500,True,0,389514,216750,1,92,92,candidate_contains_planted_raw_witness
20260608,single_q20_47,single,20,20,20,True,0,7054,3560,1,26,26,candidate_contains_planted_raw_witness
20260608,single_q20_48,single,20,20,1000,True,0,598021,406773,1,76,76,candidate_contains_planted_raw_witness
20260608,single_q20_49,single,20,20,20,True,0,8418,106,1,20,20,candidate_contains_planted_raw_witness
20260608,single_q20_5,single,20,20,20,True,0,11903,626,1,20,20,candidate_contains_planted_raw_witness
20260608,single_q20_6,single,20,20,100,False,18,170021,121180,1,74,74,returned_mapping_raw_guard_rerun
20260608,single_q20_7,single,20,20,500,True,0,569288,384034,1,1030,1030,candidate_contains_planted_raw_witness
20260608,single_q20_8,single,20,20,20,True,0,9601,260,1,23,23,candidate_contains_planted_raw_witness
20260608,single_q20_9,single,20,20,200,True,0,133731,64956,1,27,27,candidate_contains_planted_raw_witness
20260608,single_q50_0,single,50,50,200,True,0,434682,305250,1,805,805,candidate_contains_planted_raw_witness
20260608,single_q50_1,single,50,50,20,True,0,19726,9928,1,72,72,candidate_contains_planted_raw_witness
20260608,single_q50_10,single,50,50,20,True,0,7178,2473,1,52,52,candidate_contains_planted_raw_witness
20260608,single_q50_11,single,50,50,20,True,0,4418,53,1,50,50,candidate_contains_planted_raw_witness
20260608,single_q50_12,single,50,50,100,True,0,301401,209539,1,1291,1291,candidate_contains_planted_raw_witness
20260608,single_q50_13,single,50,50,20,True,0,23880,11077,1,91,91,candidate_contains_planted_raw_witness
20260608,single_q50_14,single,50,50,50,True,0,27751,16689,1,89,89,candidate_contains_planted_raw_witness
20260608,single_q50_15,single,50,50,20,True,0,22619,11264,1,95,95,candidate_contains_planted_raw_witness
20260608,single_q50_16,single,50,50,20,True,0,12530,5550,1,95,95,candidate_contains_planted_raw_witness
20260608,single_q50_17,single,50,50,20,True,0,16764,7881,1,84,84,candidate_contains_planted_raw_witness
20260608,single_q50_18,single,50,50,20,True,0,22325,5424,1,1306,1306,candidate_contains_planted_raw_witness
20260608,single_q50_19,single,50,50,20,True,0,11166,1761,1,57,57,candidate_contains_planted_raw_witness
20260608,single_q50_2,single,50,50,20,True,0,20370,12241,1,56,56,candidate_contains_planted_raw_witness
20260608,single_q50_20,single,50,50,20,True,0,7174,1947,1,55,55,candidate_contains_planted_raw_witness
20260608,single_q50_21,single,50,50,20,True,0,6052,128,1,53,53,candidate_contains_planted_raw_witness
20260608,single_q50_22,single,50,50,200,True,0,155378,70718,1,63,63,candidate_contains_planted_raw_witness
20260608,single_q50_23,single,50,50,20,True,0,15918,4268,1,61,61,candidate_contains_planted_raw_witness
20260608,single_q50_24,single,50,50,20,True,0,17870,11103,1,96,96,candidate_contains_planted_raw_witness
20260608,single_q50_25,single,50,50,20,True,0,7204,3115,1,62,62,candidate_contains_planted_raw_witness
20260608,single_q50_26,single,50,50,20,True,0,11843,7571,1,67,67,candidate_contains_planted_raw_witness
20260608,single_q50_27,single,50,50,20,True,0,21181,5205,1,1245,1245,candidate_contains_planted_raw_witness
20260608,single_q50_28,single,50,50,20,True,0,24039,13197,1,86,86,candidate_contains_planted_raw_witness
20260608,single_q50_29,single,50,50,50,True,0,33513,9917,1,61,61,candidate_contains_planted_raw_witness
20260608,single_q50_3,single,50,50,20,True,0,17683,3782,1,79,79,candidate_contains_planted_raw_witness
20260608,single_q50_30,single,50,50,20,True,0,18487,11447,1,67,67,candidate_contains_planted_raw_witness
20260608,single_q50_31,single,50,50,100,True,0,47864,24469,1,65,65,candidate_contains_planted_raw_witness
20260608,single_q50_32,single,50,50,20,True,0,22046,11788,1,98,98,candidate_contains_planted_raw_witness
20260608,single_q50_33,single,50,50,20,True,0,19339,12437,1,63,63,candidate_contains_planted_raw_witness
20260608,single_q50_34,single,50,50,200,True,0,217207,124728,1,425,425,candidate_contains_planted_raw_witness
20260608,single_q50_35,single,50,50,20,True,0,11124,3526,1,71,71,candidate_contains_planted_raw_witness
20260608,single_q50_36,single,50,50,200,True,0,96671,57409,1,67,67,candidate_contains_planted_raw_witness
20260608,single_q50_37,single,50,50,1000,True,0,631306,480846,1,110,110,candidate_contains_planted_raw_witness
20260608,single_q50_38,single,50,50,20,True,0,17922,3881,1,59,59,candidate_contains_planted_raw_witness
20260608,single_q50_39,single,50,50,20,True,0,19392,7654,1,74,74,candidate_contains_planted_raw_witness
20260608,single_q50_4,single,50,50,20,True,0,28685,20517,1,198,198,candidate_contains_planted_raw_witness
20260608,single_q50_40,single,50,50,20,True,0,46506,31297,1,2471,2471,candidate_contains_planted_raw_witness
20260608,single_q50_41,single,50,50,20,True,0,19405,9340,1,91,91,candidate_contains_planted_raw_witness
20260608,single_q50_42,single,50,50,20,True,0,21456,7930,1,64,64,candidate_contains_planted_raw_witness
20260608,single_q50_43,single,50,50,20,True,0,25069,8658,1,97,97,candidate_contains_planted_raw_witness
20260608,single_q50_44,single,50,50,20,True,0,11414,3546,1,61,61,candidate_contains_planted_raw_witness
20260608,single_q50_45,single,50,50,200,True,0,178108,115967,1,318,318,candidate_contains_planted_raw_witness
20260608,single_q50_46,single,50,50,20,True,0,19304,332,1,253,253,candidate_contains_planted_raw_witness
20260608,single_q50_47,single,50,50,20,True,0,18517,9964,1,82,82,candidate_contains_planted_raw_witness
20260608,single_q50_48,single,50,50,20,True,0,18809,5650,1,89,89,candidate_contains_planted_raw_witness
20260608,single_q50_49,single,50,50,20,True,0,24318,17029,1,230,230,candidate_contains_planted_raw_witness
20260608,single_q50_5,single,50,50,200,True,0,168417,88777,1,79,79,candidate_contains_planted_raw_witness
20260608,single_q50_6,single,50,50,20,True,0,10812,2455,1,57,57,candidate_contains_planted_raw_witness
20260608,single_q50_7,single,50,50,20,True,0,12577,2165,1,54,54,candidate_contains_planted_raw_witness
20260608,single_q50_8,single,50,50,20,True,0,13411,3468,1,60,60,candidate_contains_planted_raw_witness
20260608,single_q50_9,single,50,50,20,True,0,40478,2388,1,1341,1341,candidate_contains_planted_raw_witness
